"","bee","bee.genus","bee.subgenus"
"1","Homalictus (Homalictus) behri","Homalictus","Homalictus (Homalictus)"
"2","Homalictus (Homalictus) bremerensis","Homalictus","Homalictus (Homalictus)"
"3","Homalictus (Homalictus) brisbanensis","Homalictus","Homalictus (Homalictus)"
"4","Homalictus (Homalictus) brisbanensis","Homalictus","Homalictus (Homalictus)"
"5","Homalictus (Homalictus) brisbanensis","Homalictus","Homalictus (Homalictus)"
"6","Homalictus (Homalictus) brisbanensis","Homalictus","Homalictus (Homalictus)"
"7","Homalictus (Homalictus) brisbanensis","Homalictus","Homalictus (Homalictus)"
"8","Homalictus (Homalictus) brisbanensis","Homalictus","Homalictus (Homalictus)"
"9","Homalictus (Homalictus) brisbanensis","Homalictus","Homalictus (Homalictus)"
"10","Homalictus (Homalictus) brisbanensis","Homalictus","Homalictus (Homalictus)"
"11","Homalictus (Homalictus) brisbanensis","Homalictus","Homalictus (Homalictus)"
"12","Homalictus (Homalictus) brisbanensis","Homalictus","Homalictus (Homalictus)"
"13","Homalictus (Homalictus) brisbanensis","Homalictus","Homalictus (Homalictus)"
"14","Homalictus (Homalictus) brisbanensis","Homalictus","Homalictus (Homalictus)"
"15","Homalictus (Homalictus) callaspis","Homalictus","Homalictus (Homalictus)"
"16","Homalictus (Homalictus) callaspis","Homalictus","Homalictus (Homalictus)"
"17","Homalictus (Homalictus) callaspis","Homalictus","Homalictus (Homalictus)"
"18","Homalictus (Homalictus) callaspis","Homalictus","Homalictus (Homalictus)"
"19","Homalictus (Homalictus) caloundrensis","Homalictus","Homalictus (Homalictus)"
"20","Homalictus (Homalictus) caloundrensis","Homalictus","Homalictus (Homalictus)"
"21","Homalictus (Homalictus) caloundrensis","Homalictus","Homalictus (Homalictus)"
"22","Homalictus (Homalictus) caloundrensis","Homalictus","Homalictus (Homalictus)"
"23","Homalictus (Homalictus) caloundrensis","Homalictus","Homalictus (Homalictus)"
"24","Homalictus (Homalictus) ctenander","Homalictus","Homalictus (Homalictus)"
"25","Homalictus (Homalictus) ctenander","Homalictus","Homalictus (Homalictus)"
"26","Homalictus (Homalictus) ctenander","Homalictus","Homalictus (Homalictus)"
"27","Homalictus (Homalictus) dampieri","Homalictus","Homalictus (Homalictus)"
"28","Homalictus (Homalictus) dampieri","Homalictus","Homalictus (Homalictus)"
"29","Homalictus (Homalictus) dotatus","Homalictus","Homalictus (Homalictus)"
"30","Homalictus (Homalictus) dotatus","Homalictus","Homalictus (Homalictus)"
"31","Homalictus (Homalictus) dotatus","Homalictus","Homalictus (Homalictus)"
"32","Homalictus (Homalictus) dotatus","Homalictus","Homalictus (Homalictus)"
"33","Homalictus (Homalictus) holochlorus","Homalictus","Homalictus (Homalictus)"
"34","Homalictus (Homalictus) holochlorus","Homalictus","Homalictus (Homalictus)"
"35","Homalictus (Homalictus) holochlorus","Homalictus","Homalictus (Homalictus)"
"36","Homalictus (Homalictus) holochlorus","Homalictus","Homalictus (Homalictus)"
"37","Homalictus (Homalictus) holochlorus","Homalictus","Homalictus (Homalictus)"
"38","Homalictus (Homalictus) holochlorus","Homalictus","Homalictus (Homalictus)"
"39","Homalictus (Homalictus) holochlorus","Homalictus","Homalictus (Homalictus)"
"40","Homalictus (Homalictus) holochlorus","Homalictus","Homalictus (Homalictus)"
"41","Homalictus (Homalictus) holochlorus","Homalictus","Homalictus (Homalictus)"
"42","Homalictus (Homalictus) holochlorus","Homalictus","Homalictus (Homalictus)"
"43","Homalictus (Homalictus) holochlorus","Homalictus","Homalictus (Homalictus)"
"44","Homalictus (Homalictus) holochlorus","Homalictus","Homalictus (Homalictus)"
"45","Homalictus (Homalictus) holochlorus","Homalictus","Homalictus (Homalictus)"
"46","Homalictus (Homalictus) holochlorus","Homalictus","Homalictus (Homalictus)"
"47","Homalictus (Homalictus) holochlorus","Homalictus","Homalictus (Homalictus)"
"48","Homalictus (Homalictus) holochlorus","Homalictus","Homalictus (Homalictus)"
"49","Homalictus (Homalictus) holochlorus","Homalictus","Homalictus (Homalictus)"
"50","Homalictus (Homalictus) holochlorus","Homalictus","Homalictus (Homalictus)"
"51","Homalictus (Homalictus) megastigmus","Homalictus","Homalictus (Homalictus)"
"52","Homalictus (Homalictus) megastigmus","Homalictus","Homalictus (Homalictus)"
"53","Homalictus (Homalictus) megastigmus","Homalictus","Homalictus (Homalictus)"
"54","Homalictus (Homalictus) megastigmus","Homalictus","Homalictus (Homalictus)"
"55","Homalictus (Homalictus) megastigmus","Homalictus","Homalictus (Homalictus)"
"56","Homalictus (Homalictus) murrayi","Homalictus","Homalictus (Homalictus)"
"57","Homalictus (Homalictus) murrayi","Homalictus","Homalictus (Homalictus)"
"58","Homalictus (Homalictus) murrayi","Homalictus","Homalictus (Homalictus)"
"59","Homalictus (Homalictus) murrayi","Homalictus","Homalictus (Homalictus)"
"60","Homalictus (Homalictus) niveifrons","Homalictus","Homalictus (Homalictus)"
"61","Homalictus (Homalictus) niveifrons","Homalictus","Homalictus (Homalictus)"
"62","Homalictus (Homalictus) niveifrons","Homalictus","Homalictus (Homalictus)"
"63","Homalictus (Homalictus) niveifrons","Homalictus","Homalictus (Homalictus)"
"64","Homalictus (Homalictus) niveifrons","Homalictus","Homalictus (Homalictus)"
"65","Homalictus (Homalictus) niveifrons","Homalictus","Homalictus (Homalictus)"
"66","Homalictus (Homalictus) niveifrons","Homalictus","Homalictus (Homalictus)"
"67","Homalictus (Homalictus) niveifrons","Homalictus","Homalictus (Homalictus)"
"68","Homalictus (Homalictus) punctatus","Homalictus","Homalictus (Homalictus)"
"69","Homalictus (Homalictus) punctatus","Homalictus","Homalictus (Homalictus)"
"70","Homalictus (Homalictus) punctatus","Homalictus","Homalictus (Homalictus)"
"71","Homalictus (Homalictus) punctatus","Homalictus","Homalictus (Homalictus)"
"72","Homalictus (Homalictus) punctatus","Homalictus","Homalictus (Homalictus)"
"73","Homalictus (Homalictus) punctatus","Homalictus","Homalictus (Homalictus)"
"74","Homalictus (Homalictus) punctatus","Homalictus","Homalictus (Homalictus)"
"75","Homalictus (Homalictus) punctatus","Homalictus","Homalictus (Homalictus)"
"76","Homalictus (Homalictus) punctatus","Homalictus","Homalictus (Homalictus)"
"77","Homalictus (Homalictus) punctatus","Homalictus","Homalictus (Homalictus)"
"78","Homalictus (Homalictus) punctatus","Homalictus","Homalictus (Homalictus)"
"79","Homalictus (Homalictus) punctatus","Homalictus","Homalictus (Homalictus)"
"80","Homalictus (Homalictus) punctatus","Homalictus","Homalictus (Homalictus)"
"81","Homalictus (Homalictus) scrupulosus","Homalictus","Homalictus (Homalictus)"
"82","Homalictus (Homalictus) sp. unsorted","Homalictus","Homalictus (Homalictus)"
"83","Homalictus (Homalictus) sp. unsorted","Homalictus","Homalictus (Homalictus)"
"84","Homalictus (Homalictus) sphecodoides","Homalictus","Homalictus (Homalictus)"
"85","Homalictus (Homalictus) sphecodoides","Homalictus","Homalictus (Homalictus)"
"86","Homalictus (Homalictus) sphecodoides","Homalictus","Homalictus (Homalictus)"
"87","Homalictus (Homalictus) sphecodoides","Homalictus","Homalictus (Homalictus)"
"88","Homalictus (Homalictus) sphecodoides","Homalictus","Homalictus (Homalictus)"
"89","Homalictus (Homalictus) sphecodoides","Homalictus","Homalictus (Homalictus)"
"90","Homalictus (Homalictus) sphecodoides","Homalictus","Homalictus (Homalictus)"
"91","Homalictus (Homalictus) sphecodoides","Homalictus","Homalictus (Homalictus)"
"92","Homalictus (Homalictus) sphecodoides","Homalictus","Homalictus (Homalictus)"
"93","Homalictus (Homalictus) sphecodoides","Homalictus","Homalictus (Homalictus)"
"94","Homalictus (Homalictus) sphecodoides","Homalictus","Homalictus (Homalictus)"
"95","Homalictus (Homalictus) sphecodopsis","Homalictus","Homalictus (Homalictus)"
"96","Homalictus (Homalictus) sphecodopsis","Homalictus","Homalictus (Homalictus)"
"97","Homalictus (Homalictus) sphecodopsis","Homalictus","Homalictus (Homalictus)"
"98","Homalictus (Homalictus) sphecodopsis","Homalictus","Homalictus (Homalictus)"
"99","Homalictus (Homalictus) sphecodopsis","Homalictus","Homalictus (Homalictus)"
"100","Homalictus (Homalictus) sphecodopsis","Homalictus","Homalictus (Homalictus)"
"101","Homalictus (Homalictus) sphecodopsis","Homalictus","Homalictus (Homalictus)"
"102","Homalictus (Homalictus) sphecodopsis","Homalictus","Homalictus (Homalictus)"
"103","Homalictus (Homalictus) sphecodopsis","Homalictus","Homalictus (Homalictus)"
"104","Homalictus (Homalictus) urbanus","Homalictus","Homalictus (Homalictus)"
"105","Homalictus (Homalictus) urbanus","Homalictus","Homalictus (Homalictus)"
"106","Homalictus (Homalictus) urbanus","Homalictus","Homalictus (Homalictus)"
"107","Homalictus (Homalictus) urbanus","Homalictus","Homalictus (Homalictus)"
"108","Homalictus (Homalictus) urbanus","Homalictus","Homalictus (Homalictus)"
"109","Homalictus (Homalictus) urbanus","Homalictus","Homalictus (Homalictus)"
"110","Homalictus (Homalictus) urbanus","Homalictus","Homalictus (Homalictus)"
"111","Homalictus (Homalictus) urbanus","Homalictus","Homalictus (Homalictus)"
"112","Homalictus (Homalictus) urbanus","Homalictus","Homalictus (Homalictus)"
"113","Homalictus (Homalictus) urbanus","Homalictus","Homalictus (Homalictus)"
"114","Homalictus (Homalictus) urbanus","Homalictus","Homalictus (Homalictus)"
"115","Homalictus (Homalictus) urbanus","Homalictus","Homalictus (Homalictus)"
"116","Homalictus (Homalictus) urbanus","Homalictus","Homalictus (Homalictus)"
"117","Homalictus (Homalictus) urbanus","Homalictus","Homalictus (Homalictus)"
"118","Homalictus (Homalictus) urbanus","Homalictus","Homalictus (Homalictus)"
"119","Homalictus (Homalictus) urbanus","Homalictus","Homalictus (Homalictus)"
"120","Homalictus (Homalictus) urbanus","Homalictus","Homalictus (Homalictus)"
"121","Homalictus (Homalictus) urbanus","Homalictus","Homalictus (Homalictus)"
"122","Homalictus (Homalictus) urbanus","Homalictus","Homalictus (Homalictus)"
"123","Homalictus (Homalictus) urbanus","Homalictus","Homalictus (Homalictus)"
"124","Homalictus (Homalictus) urbanus","Homalictus","Homalictus (Homalictus)"
"125","Homalictus (Homalictus) urbanus","Homalictus","Homalictus (Homalictus)"
"126","Homalictus (Homalictus) urbanus","Homalictus","Homalictus (Homalictus)"
"127","Lasioglossum (Australictus) lithuscum","Lasioglossum","Lasioglossum (Australictus)"
"128","Lasioglossum (Australictus) lithuscum","Lasioglossum","Lasioglossum (Australictus)"
"129","Lasioglossum (Australictus) lithuscum","Lasioglossum","Lasioglossum (Australictus)"
"130","Lasioglossum (Australictus) lithuscum","Lasioglossum","Lasioglossum (Australictus)"
"131","Lasioglossum (Australictus) lithuscum","Lasioglossum","Lasioglossum (Australictus)"
"132","Lasioglossum (Australictus) lithuscum","Lasioglossum","Lasioglossum (Australictus)"
"133","Lasioglossum (Australictus) peraustrale","Lasioglossum","Lasioglossum (Australictus)"
"134","Lasioglossum (Australictus) peraustrale","Lasioglossum","Lasioglossum (Australictus)"
"135","Lasioglossum (Australictus) peraustrale","Lasioglossum","Lasioglossum (Australictus)"
"136","Lasioglossum (Australictus) peraustrale","Lasioglossum","Lasioglossum (Australictus)"
"137","Lasioglossum (Australictus) peraustrale","Lasioglossum","Lasioglossum (Australictus)"
"138","Lasioglossum (Australictus) peraustrale","Lasioglossum","Lasioglossum (Australictus)"
"139","Lasioglossum (Australictus) peraustrale","Lasioglossum","Lasioglossum (Australictus)"
"140","Lasioglossum (Australictus) peraustrale","Lasioglossum","Lasioglossum (Australictus)"
"141","Lasioglossum (Australictus) plorator","Lasioglossum","Lasioglossum (Australictus)"
"142","Lasioglossum (Australictus) plorator","Lasioglossum","Lasioglossum (Australictus)"
"143","Lasioglossum (Australictus) tertium","Lasioglossum","Lasioglossum (Australictus)"
"144","Lasioglossum (Australictus) tertium","Lasioglossum","Lasioglossum (Australictus)"
"145","Lasioglossum (Australictus) tertium","Lasioglossum","Lasioglossum (Australictus)"
"146","Lasioglossum (Australictus) tertium","Lasioglossum","Lasioglossum (Australictus)"
"147","Lasioglossum (Austrevylaeus) msp. austr1","Lasioglossum","Lasioglossum (Austrevylaeus)"
"148","Lasioglossum (Austrevylaeus) msp. austr2","Lasioglossum","Lasioglossum (Austrevylaeus)"
"149","Lasioglossum (Austrevylaeus) msp. austr2","Lasioglossum","Lasioglossum (Austrevylaeus)"
"150","Lasioglossum (Austrevylaeus) msp. austr2","Lasioglossum","Lasioglossum (Austrevylaeus)"
"151","Lasioglossum (Austrevylaeus) msp. austr3","Lasioglossum","Lasioglossum (Austrevylaeus)"
"152","Lasioglossum (Austrevylaeus) msp. austr3","Lasioglossum","Lasioglossum (Austrevylaeus)"
"153","Lasioglossum (Austrevylaeus) msp. bernh","Lasioglossum","Lasioglossum (Austrevylaeus)"
"154","Lasioglossum (Austrevylaeus) msp. bernh","Lasioglossum","Lasioglossum (Austrevylaeus)"
"155","Lasioglossum (Austrevylaeus) sp. unsorted","Lasioglossum","Lasioglossum (Austrevylaeus)"
"156","Lasioglossum (Austrevylaeus) sp. unsorted","Lasioglossum","Lasioglossum (Austrevylaeus)"
"157","Lasioglossum (Austrevylaeus) sp. unsorted","Lasioglossum","Lasioglossum (Austrevylaeus)"
"158","Lasioglossum (Austrevylaeus) sp. unsorted","Lasioglossum","Lasioglossum (Austrevylaeus)"
"159","Lasioglossum (Austrevylaeus) sp. unsorted","Lasioglossum","Lasioglossum (Austrevylaeus)"
"160","Lasioglossum (Callalictus) callomelittinum","Lasioglossum","Lasioglossum (Callalictus)"
"161","Lasioglossum (Callalictus) callomelittinum","Lasioglossum","Lasioglossum (Callalictus)"
"162","Lasioglossum (Callalictus) callomelittinum","Lasioglossum","Lasioglossum (Callalictus)"
"163","Lasioglossum (Callalictus) callomelittinum","Lasioglossum","Lasioglossum (Callalictus)"
"164","Lasioglossum (Callalictus) callomelittinum","Lasioglossum","Lasioglossum (Callalictus)"
"165","Lasioglossum (Callalictus) callomelittinum","Lasioglossum","Lasioglossum (Callalictus)"
"166","Lasioglossum (Callalictus) callomelittinum","Lasioglossum","Lasioglossum (Callalictus)"
"167","Lasioglossum (Callalictus) callomelittinum","Lasioglossum","Lasioglossum (Callalictus)"
"168","Lasioglossum (Callalictus) callomelittinum","Lasioglossum","Lasioglossum (Callalictus)"
"169","Lasioglossum (Callalictus) callomelittinum","Lasioglossum","Lasioglossum (Callalictus)"
"170","Lasioglossum (Chilalictus) adustum","Lasioglossum","Lasioglossum (Chilalictus)"
"171","Lasioglossum (Chilalictus) adustum","Lasioglossum","Lasioglossum (Chilalictus)"
"172","Lasioglossum (Chilalictus) adustum","Lasioglossum","Lasioglossum (Chilalictus)"
"173","Lasioglossum (Chilalictus) alacarinatum","Lasioglossum","Lasioglossum (Chilalictus)"
"174","Lasioglossum (Chilalictus) alacarinatum","Lasioglossum","Lasioglossum (Chilalictus)"
"175","Lasioglossum (Chilalictus) albopilosum","Lasioglossum","Lasioglossum (Chilalictus)"
"176","Lasioglossum (Chilalictus) albopilosum","Lasioglossum","Lasioglossum (Chilalictus)"
"177","Lasioglossum (Chilalictus) albopilosum","Lasioglossum","Lasioglossum (Chilalictus)"
"178","Lasioglossum (Chilalictus) albopilosum","Lasioglossum","Lasioglossum (Chilalictus)"
"179","Lasioglossum (Chilalictus) albopilosum","Lasioglossum","Lasioglossum (Chilalictus)"
"180","Lasioglossum (Chilalictus) albopilosum","Lasioglossum","Lasioglossum (Chilalictus)"
"181","Lasioglossum (Chilalictus) amplexum","Lasioglossum","Lasioglossum (Chilalictus)"
"182","Lasioglossum (Chilalictus) amplexum","Lasioglossum","Lasioglossum (Chilalictus)"
"183","Lasioglossum (Chilalictus) amplexum","Lasioglossum","Lasioglossum (Chilalictus)"
"184","Lasioglossum (Chilalictus) amplexum","Lasioglossum","Lasioglossum (Chilalictus)"
"185","Lasioglossum (Chilalictus) amplexum","Lasioglossum","Lasioglossum (Chilalictus)"
"186","Lasioglossum (Chilalictus) amplexum","Lasioglossum","Lasioglossum (Chilalictus)"
"187","Lasioglossum (Chilalictus) amplexum","Lasioglossum","Lasioglossum (Chilalictus)"
"188","Lasioglossum (Chilalictus) amplexum","Lasioglossum","Lasioglossum (Chilalictus)"
"189","Lasioglossum (Chilalictus) amplexum","Lasioglossum","Lasioglossum (Chilalictus)"
"190","Lasioglossum (Chilalictus) amplexum","Lasioglossum","Lasioglossum (Chilalictus)"
"191","Lasioglossum (Chilalictus) appositum","Lasioglossum","Lasioglossum (Chilalictus)"
"192","Lasioglossum (Chilalictus) appositum","Lasioglossum","Lasioglossum (Chilalictus)"
"193","Lasioglossum (Chilalictus) appositum","Lasioglossum","Lasioglossum (Chilalictus)"
"194","Lasioglossum (Chilalictus) appositum","Lasioglossum","Lasioglossum (Chilalictus)"
"195","Lasioglossum (Chilalictus) appositum","Lasioglossum","Lasioglossum (Chilalictus)"
"196","Lasioglossum (Chilalictus) appositum","Lasioglossum","Lasioglossum (Chilalictus)"
"197","Lasioglossum (Chilalictus) appositum","Lasioglossum","Lasioglossum (Chilalictus)"
"198","Lasioglossum (Chilalictus) appositum","Lasioglossum","Lasioglossum (Chilalictus)"
"199","Lasioglossum (Chilalictus) asperithorax","Lasioglossum","Lasioglossum (Chilalictus)"
"200","Lasioglossum (Chilalictus) asperithorax","Lasioglossum","Lasioglossum (Chilalictus)"
"201","Lasioglossum (Chilalictus) asperithorax","Lasioglossum","Lasioglossum (Chilalictus)"
"202","Lasioglossum (Chilalictus) asperithorax","Lasioglossum","Lasioglossum (Chilalictus)"
"203","Lasioglossum (Chilalictus) asperithorax","Lasioglossum","Lasioglossum (Chilalictus)"
"204","Lasioglossum (Chilalictus) asperithorax","Lasioglossum","Lasioglossum (Chilalictus)"
"205","Lasioglossum (Chilalictus) asperithorax","Lasioglossum","Lasioglossum (Chilalictus)"
"206","Lasioglossum (Chilalictus) asperithorax","Lasioglossum","Lasioglossum (Chilalictus)"
"207","Lasioglossum (Chilalictus) asperithorax","Lasioglossum","Lasioglossum (Chilalictus)"
"208","Lasioglossum (Chilalictus) aspratulum","Lasioglossum","Lasioglossum (Chilalictus)"
"209","Lasioglossum (Chilalictus) aspratulum","Lasioglossum","Lasioglossum (Chilalictus)"
"210","Lasioglossum (Chilalictus) aspratulum","Lasioglossum","Lasioglossum (Chilalictus)"
"211","Lasioglossum (Chilalictus) aspratulum","Lasioglossum","Lasioglossum (Chilalictus)"
"212","Lasioglossum (Chilalictus) athrix","Lasioglossum","Lasioglossum (Chilalictus)"
"213","Lasioglossum (Chilalictus) bibrochum","Lasioglossum","Lasioglossum (Chilalictus)"
"214","Lasioglossum (Chilalictus) biceps","Lasioglossum","Lasioglossum (Chilalictus)"
"215","Lasioglossum (Chilalictus) biceps","Lasioglossum","Lasioglossum (Chilalictus)"
"216","Lasioglossum (Chilalictus) biceps","Lasioglossum","Lasioglossum (Chilalictus)"
"217","Lasioglossum (Chilalictus) biceps","Lasioglossum","Lasioglossum (Chilalictus)"
"218","Lasioglossum (Chilalictus) biceps","Lasioglossum","Lasioglossum (Chilalictus)"
"219","Lasioglossum (Chilalictus) bicingulatum","Lasioglossum","Lasioglossum (Chilalictus)"
"220","Lasioglossum (Chilalictus) bicingulatum","Lasioglossum","Lasioglossum (Chilalictus)"
"221","Lasioglossum (Chilalictus) bicingulatum","Lasioglossum","Lasioglossum (Chilalictus)"
"222","Lasioglossum (Chilalictus) bicingulatum","Lasioglossum","Lasioglossum (Chilalictus)"
"223","Lasioglossum (Chilalictus) bicingulatum","Lasioglossum","Lasioglossum (Chilalictus)"
"224","Lasioglossum (Chilalictus) bicingulatum","Lasioglossum","Lasioglossum (Chilalictus)"
"225","Lasioglossum (Chilalictus) bicingulatum","Lasioglossum","Lasioglossum (Chilalictus)"
"226","Lasioglossum (Chilalictus) bicingulatum","Lasioglossum","Lasioglossum (Chilalictus)"
"227","Lasioglossum (Chilalictus) bicingulatum","Lasioglossum","Lasioglossum (Chilalictus)"
"228","Lasioglossum (Chilalictus) bicingulatum","Lasioglossum","Lasioglossum (Chilalictus)"
"229","Lasioglossum (Chilalictus) bicingulatum","Lasioglossum","Lasioglossum (Chilalictus)"
"230","Lasioglossum (Chilalictus) bicingulatum","Lasioglossum","Lasioglossum (Chilalictus)"
"231","Lasioglossum (Chilalictus) bicingulatum","Lasioglossum","Lasioglossum (Chilalictus)"
"232","Lasioglossum (Chilalictus) bicingulatum","Lasioglossum","Lasioglossum (Chilalictus)"
"233","Lasioglossum (Chilalictus) bicingulatum","Lasioglossum","Lasioglossum (Chilalictus)"
"234","Lasioglossum (Chilalictus) bicolor","Lasioglossum","Lasioglossum (Chilalictus)"
"235","Lasioglossum (Chilalictus) bidentulatum","Lasioglossum","Lasioglossum (Chilalictus)"
"236","Lasioglossum (Chilalictus) bidentulatum","Lasioglossum","Lasioglossum (Chilalictus)"
"237","Lasioglossum (Chilalictus) bidentulatum","Lasioglossum","Lasioglossum (Chilalictus)"
"238","Lasioglossum (Chilalictus) brazieri","Lasioglossum","Lasioglossum (Chilalictus)"
"239","Lasioglossum (Chilalictus) brazieri","Lasioglossum","Lasioglossum (Chilalictus)"
"240","Lasioglossum (Chilalictus) brazieri","Lasioglossum","Lasioglossum (Chilalictus)"
"241","Lasioglossum (Chilalictus) brazieri","Lasioglossum","Lasioglossum (Chilalictus)"
"242","Lasioglossum (Chilalictus) brazieri","Lasioglossum","Lasioglossum (Chilalictus)"
"243","Lasioglossum (Chilalictus) brazieri","Lasioglossum","Lasioglossum (Chilalictus)"
"244","Lasioglossum (Chilalictus) brazieri","Lasioglossum","Lasioglossum (Chilalictus)"
"245","Lasioglossum (Chilalictus) brunnesetum","Lasioglossum","Lasioglossum (Chilalictus)"
"246","Lasioglossum (Chilalictus) brunnesetum","Lasioglossum","Lasioglossum (Chilalictus)"
"247","Lasioglossum (Chilalictus) brunnesetum","Lasioglossum","Lasioglossum (Chilalictus)"
"248","Lasioglossum (Chilalictus) brunnesetum","Lasioglossum","Lasioglossum (Chilalictus)"
"249","Lasioglossum (Chilalictus) brunnesetum","Lasioglossum","Lasioglossum (Chilalictus)"
"250","Lasioglossum (Chilalictus) brunnesetum","Lasioglossum","Lasioglossum (Chilalictus)"
"251","Lasioglossum (Chilalictus) bucculum","Lasioglossum","Lasioglossum (Chilalictus)"
"252","Lasioglossum (Chilalictus) bucculum","Lasioglossum","Lasioglossum (Chilalictus)"
"253","Lasioglossum (Chilalictus) calophyllae","Lasioglossum","Lasioglossum (Chilalictus)"
"254","Lasioglossum (Chilalictus) calophyllae","Lasioglossum","Lasioglossum (Chilalictus)"
"255","Lasioglossum (Chilalictus) calophyllae","Lasioglossum","Lasioglossum (Chilalictus)"
"256","Lasioglossum (Chilalictus) calophyllae","Lasioglossum","Lasioglossum (Chilalictus)"
"257","Lasioglossum (Chilalictus) calophyllae","Lasioglossum","Lasioglossum (Chilalictus)"
"258","Lasioglossum (Chilalictus) calophyllae","Lasioglossum","Lasioglossum (Chilalictus)"
"259","Lasioglossum (Chilalictus) cambagei","Lasioglossum","Lasioglossum (Chilalictus)"
"260","Lasioglossum (Chilalictus) cambagei","Lasioglossum","Lasioglossum (Chilalictus)"
"261","Lasioglossum (Chilalictus) cambagei","Lasioglossum","Lasioglossum (Chilalictus)"
"262","Lasioglossum (Chilalictus) cambagei","Lasioglossum","Lasioglossum (Chilalictus)"
"263","Lasioglossum (Chilalictus) carpobrotum","Lasioglossum","Lasioglossum (Chilalictus)"
"264","Lasioglossum (Chilalictus) castor","Lasioglossum","Lasioglossum (Chilalictus)"
"265","Lasioglossum (Chilalictus) castor","Lasioglossum","Lasioglossum (Chilalictus)"
"266","Lasioglossum (Chilalictus) chapmani","Lasioglossum","Lasioglossum (Chilalictus)"
"267","Lasioglossum (Chilalictus) chapmani","Lasioglossum","Lasioglossum (Chilalictus)"
"268","Lasioglossum (Chilalictus) chapmani","Lasioglossum","Lasioglossum (Chilalictus)"
"269","Lasioglossum (Chilalictus) chapmani","Lasioglossum","Lasioglossum (Chilalictus)"
"270","Lasioglossum (Chilalictus) chapmani","Lasioglossum","Lasioglossum (Chilalictus)"
"271","Lasioglossum (Chilalictus) chapmani","Lasioglossum","Lasioglossum (Chilalictus)"
"272","Lasioglossum (Chilalictus) chapmani","Lasioglossum","Lasioglossum (Chilalictus)"
"273","Lasioglossum (Chilalictus) chapmani","Lasioglossum","Lasioglossum (Chilalictus)"
"274","Lasioglossum (Chilalictus) chapmani","Lasioglossum","Lasioglossum (Chilalictus)"
"275","Lasioglossum (Chilalictus) chapmani","Lasioglossum","Lasioglossum (Chilalictus)"
"276","Lasioglossum (Chilalictus) chapmani","Lasioglossum","Lasioglossum (Chilalictus)"
"277","Lasioglossum (Chilalictus) clelandi","Lasioglossum","Lasioglossum (Chilalictus)"
"278","Lasioglossum (Chilalictus) clelandi","Lasioglossum","Lasioglossum (Chilalictus)"
"279","Lasioglossum (Chilalictus) clelandi","Lasioglossum","Lasioglossum (Chilalictus)"
"280","Lasioglossum (Chilalictus) clelandi","Lasioglossum","Lasioglossum (Chilalictus)"
"281","Lasioglossum (Chilalictus) clelandi","Lasioglossum","Lasioglossum (Chilalictus)"
"282","Lasioglossum (Chilalictus) clelandi","Lasioglossum","Lasioglossum (Chilalictus)"
"283","Lasioglossum (Chilalictus) clelandi","Lasioglossum","Lasioglossum (Chilalictus)"
"284","Lasioglossum (Chilalictus) clelandi","Lasioglossum","Lasioglossum (Chilalictus)"
"285","Lasioglossum (Chilalictus) clelandi","Lasioglossum","Lasioglossum (Chilalictus)"
"286","Lasioglossum (Chilalictus) clelandi","Lasioglossum","Lasioglossum (Chilalictus)"
"287","Lasioglossum (Chilalictus) clelandi","Lasioglossum","Lasioglossum (Chilalictus)"
"288","Lasioglossum (Chilalictus) clelandi","Lasioglossum","Lasioglossum (Chilalictus)"
"289","Lasioglossum (Chilalictus) clelandi","Lasioglossum","Lasioglossum (Chilalictus)"
"290","Lasioglossum (Chilalictus) clelandi","Lasioglossum","Lasioglossum (Chilalictus)"
"291","Lasioglossum (Chilalictus) clelandi","Lasioglossum","Lasioglossum (Chilalictus)"
"292","Lasioglossum (Chilalictus) clelandi","Lasioglossum","Lasioglossum (Chilalictus)"
"293","Lasioglossum (Chilalictus) clelandi","Lasioglossum","Lasioglossum (Chilalictus)"
"294","Lasioglossum (Chilalictus) clelandi","Lasioglossum","Lasioglossum (Chilalictus)"
"295","Lasioglossum (Chilalictus) clelandi","Lasioglossum","Lasioglossum (Chilalictus)"
"296","Lasioglossum (Chilalictus) cognatum","Lasioglossum","Lasioglossum (Chilalictus)"
"297","Lasioglossum (Chilalictus) cognatum","Lasioglossum","Lasioglossum (Chilalictus)"
"298","Lasioglossum (Chilalictus) cognatum","Lasioglossum","Lasioglossum (Chilalictus)"
"299","Lasioglossum (Chilalictus) cognatum","Lasioglossum","Lasioglossum (Chilalictus)"
"300","Lasioglossum (Chilalictus) cognatum","Lasioglossum","Lasioglossum (Chilalictus)"
"301","Lasioglossum (Chilalictus) cognatum","Lasioglossum","Lasioglossum (Chilalictus)"
"302","Lasioglossum (Chilalictus) cognatum","Lasioglossum","Lasioglossum (Chilalictus)"
"303","Lasioglossum (Chilalictus) cognatum","Lasioglossum","Lasioglossum (Chilalictus)"
"304","Lasioglossum (Chilalictus) cognatum","Lasioglossum","Lasioglossum (Chilalictus)"
"305","Lasioglossum (Chilalictus) cognatum","Lasioglossum","Lasioglossum (Chilalictus)"
"306","Lasioglossum (Chilalictus) cognatum","Lasioglossum","Lasioglossum (Chilalictus)"
"307","Lasioglossum (Chilalictus) cognatum","Lasioglossum","Lasioglossum (Chilalictus)"
"308","Lasioglossum (Chilalictus) cognatum","Lasioglossum","Lasioglossum (Chilalictus)"
"309","Lasioglossum (Chilalictus) cognatum","Lasioglossum","Lasioglossum (Chilalictus)"
"310","Lasioglossum (Chilalictus) cognatum","Lasioglossum","Lasioglossum (Chilalictus)"
"311","Lasioglossum (Chilalictus) cognatum","Lasioglossum","Lasioglossum (Chilalictus)"
"312","Lasioglossum (Chilalictus) cognatum","Lasioglossum","Lasioglossum (Chilalictus)"
"313","Lasioglossum (Chilalictus) cognatum","Lasioglossum","Lasioglossum (Chilalictus)"
"314","Lasioglossum (Chilalictus) cognatum","Lasioglossum","Lasioglossum (Chilalictus)"
"315","Lasioglossum (Chilalictus) convexum","Lasioglossum","Lasioglossum (Chilalictus)"
"316","Lasioglossum (Chilalictus) convexum","Lasioglossum","Lasioglossum (Chilalictus)"
"317","Lasioglossum (Chilalictus) convexum","Lasioglossum","Lasioglossum (Chilalictus)"
"318","Lasioglossum (Chilalictus) convexum","Lasioglossum","Lasioglossum (Chilalictus)"
"319","Lasioglossum (Chilalictus) convexum","Lasioglossum","Lasioglossum (Chilalictus)"
"320","Lasioglossum (Chilalictus) convexum","Lasioglossum","Lasioglossum (Chilalictus)"
"321","Lasioglossum (Chilalictus) convexum","Lasioglossum","Lasioglossum (Chilalictus)"
"322","Lasioglossum (Chilalictus) convexum","Lasioglossum","Lasioglossum (Chilalictus)"
"323","Lasioglossum (Chilalictus) convexum","Lasioglossum","Lasioglossum (Chilalictus)"
"324","Lasioglossum (Chilalictus) convexum","Lasioglossum","Lasioglossum (Chilalictus)"
"325","Lasioglossum (Chilalictus) convexum","Lasioglossum","Lasioglossum (Chilalictus)"
"326","Lasioglossum (Chilalictus) convexum","Lasioglossum","Lasioglossum (Chilalictus)"
"327","Lasioglossum (Chilalictus) convexum","Lasioglossum","Lasioglossum (Chilalictus)"
"328","Lasioglossum (Chilalictus) convexum","Lasioglossum","Lasioglossum (Chilalictus)"
"329","Lasioglossum (Chilalictus) demicapillum","Lasioglossum","Lasioglossum (Chilalictus)"
"330","Lasioglossum (Chilalictus) ebeneum","Lasioglossum","Lasioglossum (Chilalictus)"
"331","Lasioglossum (Chilalictus) ebeneum","Lasioglossum","Lasioglossum (Chilalictus)"
"332","Lasioglossum (Chilalictus) ebeneum","Lasioglossum","Lasioglossum (Chilalictus)"
"333","Lasioglossum (Chilalictus) ebeneum","Lasioglossum","Lasioglossum (Chilalictus)"
"334","Lasioglossum (Chilalictus) ebeneum","Lasioglossum","Lasioglossum (Chilalictus)"
"335","Lasioglossum (Chilalictus) ebeneum","Lasioglossum","Lasioglossum (Chilalictus)"
"336","Lasioglossum (Chilalictus) ebeneum","Lasioglossum","Lasioglossum (Chilalictus)"
"337","Lasioglossum (Chilalictus) ebeneum","Lasioglossum","Lasioglossum (Chilalictus)"
"338","Lasioglossum (Chilalictus) ebeneum","Lasioglossum","Lasioglossum (Chilalictus)"
"339","Lasioglossum (Chilalictus) ebeneum","Lasioglossum","Lasioglossum (Chilalictus)"
"340","Lasioglossum (Chilalictus) ebeneum","Lasioglossum","Lasioglossum (Chilalictus)"
"341","Lasioglossum (Chilalictus) ebeneum","Lasioglossum","Lasioglossum (Chilalictus)"
"342","Lasioglossum (Chilalictus) ebeneum","Lasioglossum","Lasioglossum (Chilalictus)"
"343","Lasioglossum (Chilalictus) ebeneum","Lasioglossum","Lasioglossum (Chilalictus)"
"344","Lasioglossum (Chilalictus) ebeneum","Lasioglossum","Lasioglossum (Chilalictus)"
"345","Lasioglossum (Chilalictus) ebeneum","Lasioglossum","Lasioglossum (Chilalictus)"
"346","Lasioglossum (Chilalictus) eremaean","Lasioglossum","Lasioglossum (Chilalictus)"
"347","Lasioglossum (Chilalictus) eremaean","Lasioglossum","Lasioglossum (Chilalictus)"
"348","Lasioglossum (Chilalictus) eremaean","Lasioglossum","Lasioglossum (Chilalictus)"
"349","Lasioglossum (Chilalictus) eremaean","Lasioglossum","Lasioglossum (Chilalictus)"
"350","Lasioglossum (Chilalictus) eremaean","Lasioglossum","Lasioglossum (Chilalictus)"
"351","Lasioglossum (Chilalictus) eremaean","Lasioglossum","Lasioglossum (Chilalictus)"
"352","Lasioglossum (Chilalictus) eremaean","Lasioglossum","Lasioglossum (Chilalictus)"
"353","Lasioglossum (Chilalictus) eremaean","Lasioglossum","Lasioglossum (Chilalictus)"
"354","Lasioglossum (Chilalictus) eremaean","Lasioglossum","Lasioglossum (Chilalictus)"
"355","Lasioglossum (Chilalictus) eremaean","Lasioglossum","Lasioglossum (Chilalictus)"
"356","Lasioglossum (Chilalictus) eremaean","Lasioglossum","Lasioglossum (Chilalictus)"
"357","Lasioglossum (Chilalictus) eremaean","Lasioglossum","Lasioglossum (Chilalictus)"
"358","Lasioglossum (Chilalictus) eremaean","Lasioglossum","Lasioglossum (Chilalictus)"
"359","Lasioglossum (Chilalictus) eremophilum","Lasioglossum","Lasioglossum (Chilalictus)"
"360","Lasioglossum (Chilalictus) eremophilum","Lasioglossum","Lasioglossum (Chilalictus)"
"361","Lasioglossum (Chilalictus) erythrurum","Lasioglossum","Lasioglossum (Chilalictus)"
"362","Lasioglossum (Chilalictus) erythrurum","Lasioglossum","Lasioglossum (Chilalictus)"
"363","Lasioglossum (Chilalictus) erythrurum","Lasioglossum","Lasioglossum (Chilalictus)"
"364","Lasioglossum (Chilalictus) erythrurum","Lasioglossum","Lasioglossum (Chilalictus)"
"365","Lasioglossum (Chilalictus) erythrurum","Lasioglossum","Lasioglossum (Chilalictus)"
"366","Lasioglossum (Chilalictus) erythrurum","Lasioglossum","Lasioglossum (Chilalictus)"
"367","Lasioglossum (Chilalictus) erythrurum","Lasioglossum","Lasioglossum (Chilalictus)"
"368","Lasioglossum (Chilalictus) erythrurum","Lasioglossum","Lasioglossum (Chilalictus)"
"369","Lasioglossum (Chilalictus) erythrurum","Lasioglossum","Lasioglossum (Chilalictus)"
"370","Lasioglossum (Chilalictus) erythrurum","Lasioglossum","Lasioglossum (Chilalictus)"
"371","Lasioglossum (Chilalictus) erythrurum","Lasioglossum","Lasioglossum (Chilalictus)"
"372","Lasioglossum (Chilalictus) erythrurum","Lasioglossum","Lasioglossum (Chilalictus)"
"373","Lasioglossum (Chilalictus) erythrurum","Lasioglossum","Lasioglossum (Chilalictus)"
"374","Lasioglossum (Chilalictus) erythrurum","Lasioglossum","Lasioglossum (Chilalictus)"
"375","Lasioglossum (Chilalictus) erythrurum","Lasioglossum","Lasioglossum (Chilalictus)"
"376","Lasioglossum (Chilalictus) erythrurum","Lasioglossum","Lasioglossum (Chilalictus)"
"377","Lasioglossum (Chilalictus) erythrurum","Lasioglossum","Lasioglossum (Chilalictus)"
"378","Lasioglossum (Chilalictus) erythrurum","Lasioglossum","Lasioglossum (Chilalictus)"
"379","Lasioglossum (Chilalictus) erythrurum","Lasioglossum","Lasioglossum (Chilalictus)"
"380","Lasioglossum (Chilalictus) eurycephalum","Lasioglossum","Lasioglossum (Chilalictus)"
"381","Lasioglossum (Chilalictus) eurycephalum","Lasioglossum","Lasioglossum (Chilalictus)"
"382","Lasioglossum (Chilalictus) eurycephalum","Lasioglossum","Lasioglossum (Chilalictus)"
"383","Lasioglossum (Chilalictus) eurycephalum","Lasioglossum","Lasioglossum (Chilalictus)"
"384","Lasioglossum (Chilalictus) eurycephalum","Lasioglossum","Lasioglossum (Chilalictus)"
"385","Lasioglossum (Chilalictus) eurycephalum","Lasioglossum","Lasioglossum (Chilalictus)"
"386","Lasioglossum (Chilalictus) eurycephalum","Lasioglossum","Lasioglossum (Chilalictus)"
"387","Lasioglossum (Chilalictus) eurycephalum","Lasioglossum","Lasioglossum (Chilalictus)"
"388","Lasioglossum (Chilalictus) expansifrons","Lasioglossum","Lasioglossum (Chilalictus)"
"389","Lasioglossum (Chilalictus) expansifrons","Lasioglossum","Lasioglossum (Chilalictus)"
"390","Lasioglossum (Chilalictus) expansifrons","Lasioglossum","Lasioglossum (Chilalictus)"
"391","Lasioglossum (Chilalictus) expansifrons","Lasioglossum","Lasioglossum (Chilalictus)"
"392","Lasioglossum (Chilalictus) expansifrons","Lasioglossum","Lasioglossum (Chilalictus)"
"393","Lasioglossum (Chilalictus) expansifrons","Lasioglossum","Lasioglossum (Chilalictus)"
"394","Lasioglossum (Chilalictus) expansifrons","Lasioglossum","Lasioglossum (Chilalictus)"
"395","Lasioglossum (Chilalictus) expansifrons","Lasioglossum","Lasioglossum (Chilalictus)"
"396","Lasioglossum (Chilalictus) expansifrons","Lasioglossum","Lasioglossum (Chilalictus)"
"397","Lasioglossum (Chilalictus) fasciatum","Lasioglossum","Lasioglossum (Chilalictus)"
"398","Lasioglossum (Chilalictus) fasciatum","Lasioglossum","Lasioglossum (Chilalictus)"
"399","Lasioglossum (Chilalictus) fasciatum","Lasioglossum","Lasioglossum (Chilalictus)"
"400","Lasioglossum (Chilalictus) fasciatum","Lasioglossum","Lasioglossum (Chilalictus)"
"401","Lasioglossum (Chilalictus) florale","Lasioglossum","Lasioglossum (Chilalictus)"
"402","Lasioglossum (Chilalictus) florale","Lasioglossum","Lasioglossum (Chilalictus)"
"403","Lasioglossum (Chilalictus) florale","Lasioglossum","Lasioglossum (Chilalictus)"
"404","Lasioglossum (Chilalictus) florale","Lasioglossum","Lasioglossum (Chilalictus)"
"405","Lasioglossum (Chilalictus) florale","Lasioglossum","Lasioglossum (Chilalictus)"
"406","Lasioglossum (Chilalictus) florale","Lasioglossum","Lasioglossum (Chilalictus)"
"407","Lasioglossum (Chilalictus) florale","Lasioglossum","Lasioglossum (Chilalictus)"
"408","Lasioglossum (Chilalictus) gilesi","Lasioglossum","Lasioglossum (Chilalictus)"
"409","Lasioglossum (Chilalictus) gilesi","Lasioglossum","Lasioglossum (Chilalictus)"
"410","Lasioglossum (Chilalictus) gilesi","Lasioglossum","Lasioglossum (Chilalictus)"
"411","Lasioglossum (Chilalictus) gilesi","Lasioglossum","Lasioglossum (Chilalictus)"
"412","Lasioglossum (Chilalictus) gilesi","Lasioglossum","Lasioglossum (Chilalictus)"
"413","Lasioglossum (Chilalictus) gilesi","Lasioglossum","Lasioglossum (Chilalictus)"
"414","Lasioglossum (Chilalictus) gilesi","Lasioglossum","Lasioglossum (Chilalictus)"
"415","Lasioglossum (Chilalictus) gilesi","Lasioglossum","Lasioglossum (Chilalictus)"
"416","Lasioglossum (Chilalictus) gilesi","Lasioglossum","Lasioglossum (Chilalictus)"
"417","Lasioglossum (Chilalictus) gilesi","Lasioglossum","Lasioglossum (Chilalictus)"
"418","Lasioglossum (Chilalictus) gilesi","Lasioglossum","Lasioglossum (Chilalictus)"
"419","Lasioglossum (Chilalictus) gilesi","Lasioglossum","Lasioglossum (Chilalictus)"
"420","Lasioglossum (Chilalictus) gilesi","Lasioglossum","Lasioglossum (Chilalictus)"
"421","Lasioglossum (Chilalictus) gilesi","Lasioglossum","Lasioglossum (Chilalictus)"
"422","Lasioglossum (Chilalictus) globosum","Lasioglossum","Lasioglossum (Chilalictus)"
"423","Lasioglossum (Chilalictus) globosum","Lasioglossum","Lasioglossum (Chilalictus)"
"424","Lasioglossum (Chilalictus) greavesi","Lasioglossum","Lasioglossum (Chilalictus)"
"425","Lasioglossum (Chilalictus) greavesi","Lasioglossum","Lasioglossum (Chilalictus)"
"426","Lasioglossum (Chilalictus) greavesi","Lasioglossum","Lasioglossum (Chilalictus)"
"427","Lasioglossum (Chilalictus) greavesi","Lasioglossum","Lasioglossum (Chilalictus)"
"428","Lasioglossum (Chilalictus) greavesi","Lasioglossum","Lasioglossum (Chilalictus)"
"429","Lasioglossum (Chilalictus) grumiculum","Lasioglossum","Lasioglossum (Chilalictus)"
"430","Lasioglossum (Chilalictus) grumiculum","Lasioglossum","Lasioglossum (Chilalictus)"
"431","Lasioglossum (Chilalictus) gunbowerense","Lasioglossum","Lasioglossum (Chilalictus)"
"432","Lasioglossum (Chilalictus) gunbowerense","Lasioglossum","Lasioglossum (Chilalictus)"
"433","Lasioglossum (Chilalictus) gunbowerense","Lasioglossum","Lasioglossum (Chilalictus)"
"434","Lasioglossum (Chilalictus) gunbowerense","Lasioglossum","Lasioglossum (Chilalictus)"
"435","Lasioglossum (Chilalictus) gunbowerense","Lasioglossum","Lasioglossum (Chilalictus)"
"436","Lasioglossum (Chilalictus) gynochilum","Lasioglossum","Lasioglossum (Chilalictus)"
"437","Lasioglossum (Chilalictus) helichrysi","Lasioglossum","Lasioglossum (Chilalictus)"
"438","Lasioglossum (Chilalictus) helichrysi","Lasioglossum","Lasioglossum (Chilalictus)"
"439","Lasioglossum (Chilalictus) helichrysi","Lasioglossum","Lasioglossum (Chilalictus)"
"440","Lasioglossum (Chilalictus) helichrysi","Lasioglossum","Lasioglossum (Chilalictus)"
"441","Lasioglossum (Chilalictus) helichrysi","Lasioglossum","Lasioglossum (Chilalictus)"
"442","Lasioglossum (Chilalictus) helichrysi","Lasioglossum","Lasioglossum (Chilalictus)"
"443","Lasioglossum (Chilalictus) helichrysi","Lasioglossum","Lasioglossum (Chilalictus)"
"444","Lasioglossum (Chilalictus) helichrysi","Lasioglossum","Lasioglossum (Chilalictus)"
"445","Lasioglossum (Chilalictus) helichrysi","Lasioglossum","Lasioglossum (Chilalictus)"
"446","Lasioglossum (Chilalictus) helichrysi","Lasioglossum","Lasioglossum (Chilalictus)"
"447","Lasioglossum (Chilalictus) helichrysi","Lasioglossum","Lasioglossum (Chilalictus)"
"448","Lasioglossum (Chilalictus) helichrysi","Lasioglossum","Lasioglossum (Chilalictus)"
"449","Lasioglossum (Chilalictus) helichrysi","Lasioglossum","Lasioglossum (Chilalictus)"
"450","Lasioglossum (Chilalictus) helichrysi","Lasioglossum","Lasioglossum (Chilalictus)"
"451","Lasioglossum (Chilalictus) helichrysi","Lasioglossum","Lasioglossum (Chilalictus)"
"452","Lasioglossum (Chilalictus) helichrysi","Lasioglossum","Lasioglossum (Chilalictus)"
"453","Lasioglossum (Chilalictus) helichrysi","Lasioglossum","Lasioglossum (Chilalictus)"
"454","Lasioglossum (Chilalictus) helichrysi","Lasioglossum","Lasioglossum (Chilalictus)"
"455","Lasioglossum (Chilalictus) helichrysi","Lasioglossum","Lasioglossum (Chilalictus)"
"456","Lasioglossum (Chilalictus) helichrysi","Lasioglossum","Lasioglossum (Chilalictus)"
"457","Lasioglossum (Chilalictus) helichrysi","Lasioglossum","Lasioglossum (Chilalictus)"
"458","Lasioglossum (Chilalictus) helichrysi","Lasioglossum","Lasioglossum (Chilalictus)"
"459","Lasioglossum (Chilalictus) hemichalceum","Lasioglossum","Lasioglossum (Chilalictus)"
"460","Lasioglossum (Chilalictus) hemichalceum","Lasioglossum","Lasioglossum (Chilalictus)"
"461","Lasioglossum (Chilalictus) hemichalceum","Lasioglossum","Lasioglossum (Chilalictus)"
"462","Lasioglossum (Chilalictus) hemichalceum","Lasioglossum","Lasioglossum (Chilalictus)"
"463","Lasioglossum (Chilalictus) hemichalceum","Lasioglossum","Lasioglossum (Chilalictus)"
"464","Lasioglossum (Chilalictus) hemichalceum","Lasioglossum","Lasioglossum (Chilalictus)"
"465","Lasioglossum (Chilalictus) hemichalceum","Lasioglossum","Lasioglossum (Chilalictus)"
"466","Lasioglossum (Chilalictus) hemichalceum","Lasioglossum","Lasioglossum (Chilalictus)"
"467","Lasioglossum (Chilalictus) hemichalceum","Lasioglossum","Lasioglossum (Chilalictus)"
"468","Lasioglossum (Chilalictus) hemichalceum","Lasioglossum","Lasioglossum (Chilalictus)"
"469","Lasioglossum (Chilalictus) hemichalceum","Lasioglossum","Lasioglossum (Chilalictus)"
"470","Lasioglossum (Chilalictus) hemichalceum","Lasioglossum","Lasioglossum (Chilalictus)"
"471","Lasioglossum (Chilalictus) hemichalceum","Lasioglossum","Lasioglossum (Chilalictus)"
"472","Lasioglossum (Chilalictus) hemichalceum","Lasioglossum","Lasioglossum (Chilalictus)"
"473","Lasioglossum (Chilalictus) hemichalceum","Lasioglossum","Lasioglossum (Chilalictus)"
"474","Lasioglossum (Chilalictus) hemichalceum","Lasioglossum","Lasioglossum (Chilalictus)"
"475","Lasioglossum (Chilalictus) hemichalceum","Lasioglossum","Lasioglossum (Chilalictus)"
"476","Lasioglossum (Chilalictus) hemichalceum","Lasioglossum","Lasioglossum (Chilalictus)"
"477","Lasioglossum (Chilalictus) hemichalceum","Lasioglossum","Lasioglossum (Chilalictus)"
"478","Lasioglossum (Chilalictus) hemichalceum","Lasioglossum","Lasioglossum (Chilalictus)"
"479","Lasioglossum (Chilalictus) hemichalceum","Lasioglossum","Lasioglossum (Chilalictus)"
"480","Lasioglossum (Chilalictus) hemichalceum","Lasioglossum","Lasioglossum (Chilalictus)"
"481","Lasioglossum (Chilalictus) hemichalceum","Lasioglossum","Lasioglossum (Chilalictus)"
"482","Lasioglossum (Chilalictus) hemichalceum","Lasioglossum","Lasioglossum (Chilalictus)"
"483","Lasioglossum (Chilalictus) hemichalceum","Lasioglossum","Lasioglossum (Chilalictus)"
"484","Lasioglossum (Chilalictus) hemichalceum","Lasioglossum","Lasioglossum (Chilalictus)"
"485","Lasioglossum (Chilalictus) hemichalceum","Lasioglossum","Lasioglossum (Chilalictus)"
"486","Lasioglossum (Chilalictus) hemichalceum","Lasioglossum","Lasioglossum (Chilalictus)"
"487","Lasioglossum (Chilalictus) humei","Lasioglossum","Lasioglossum (Chilalictus)"
"488","Lasioglossum (Chilalictus) humei","Lasioglossum","Lasioglossum (Chilalictus)"
"489","Lasioglossum (Chilalictus) humei","Lasioglossum","Lasioglossum (Chilalictus)"
"490","Lasioglossum (Chilalictus) humei","Lasioglossum","Lasioglossum (Chilalictus)"
"491","Lasioglossum (Chilalictus) imitans","Lasioglossum","Lasioglossum (Chilalictus)"
"492","Lasioglossum (Chilalictus) imitans","Lasioglossum","Lasioglossum (Chilalictus)"
"493","Lasioglossum (Chilalictus) imitans","Lasioglossum","Lasioglossum (Chilalictus)"
"494","Lasioglossum (Chilalictus) imitans","Lasioglossum","Lasioglossum (Chilalictus)"
"495","Lasioglossum (Chilalictus) immaculatum","Lasioglossum","Lasioglossum (Chilalictus)"
"496","Lasioglossum (Chilalictus) immaculatum","Lasioglossum","Lasioglossum (Chilalictus)"
"497","Lasioglossum (Chilalictus) impunctatum","Lasioglossum","Lasioglossum (Chilalictus)"
"498","Lasioglossum (Chilalictus) impunctatum","Lasioglossum","Lasioglossum (Chilalictus)"
"499","Lasioglossum (Chilalictus) impunctatum","Lasioglossum","Lasioglossum (Chilalictus)"
"500","Lasioglossum (Chilalictus) instabilis","Lasioglossum","Lasioglossum (Chilalictus)"
"501","Lasioglossum (Chilalictus) instabilis","Lasioglossum","Lasioglossum (Chilalictus)"
"502","Lasioglossum (Chilalictus) instabilis","Lasioglossum","Lasioglossum (Chilalictus)"
"503","Lasioglossum (Chilalictus) instabilis","Lasioglossum","Lasioglossum (Chilalictus)"
"504","Lasioglossum (Chilalictus) instabilis","Lasioglossum","Lasioglossum (Chilalictus)"
"505","Lasioglossum (Chilalictus) instabilis","Lasioglossum","Lasioglossum (Chilalictus)"
"506","Lasioglossum (Chilalictus) instabilis","Lasioglossum","Lasioglossum (Chilalictus)"
"507","Lasioglossum (Chilalictus) instabilis","Lasioglossum","Lasioglossum (Chilalictus)"
"508","Lasioglossum (Chilalictus) instabilis","Lasioglossum","Lasioglossum (Chilalictus)"
"509","Lasioglossum (Chilalictus) instabilis","Lasioglossum","Lasioglossum (Chilalictus)"
"510","Lasioglossum (Chilalictus) instabilis","Lasioglossum","Lasioglossum (Chilalictus)"
"511","Lasioglossum (Chilalictus) instabilis","Lasioglossum","Lasioglossum (Chilalictus)"
"512","Lasioglossum (Chilalictus) lanarium","Lasioglossum","Lasioglossum (Chilalictus)"
"513","Lasioglossum (Chilalictus) lanarium","Lasioglossum","Lasioglossum (Chilalictus)"
"514","Lasioglossum (Chilalictus) lanarium","Lasioglossum","Lasioglossum (Chilalictus)"
"515","Lasioglossum (Chilalictus) lanarium","Lasioglossum","Lasioglossum (Chilalictus)"
"516","Lasioglossum (Chilalictus) lanarium","Lasioglossum","Lasioglossum (Chilalictus)"
"517","Lasioglossum (Chilalictus) lanarium","Lasioglossum","Lasioglossum (Chilalictus)"
"518","Lasioglossum (Chilalictus) lanarium","Lasioglossum","Lasioglossum (Chilalictus)"
"519","Lasioglossum (Chilalictus) lanarium","Lasioglossum","Lasioglossum (Chilalictus)"
"520","Lasioglossum (Chilalictus) lanarium","Lasioglossum","Lasioglossum (Chilalictus)"
"521","Lasioglossum (Chilalictus) lanarium","Lasioglossum","Lasioglossum (Chilalictus)"
"522","Lasioglossum (Chilalictus) lanarium","Lasioglossum","Lasioglossum (Chilalictus)"
"523","Lasioglossum (Chilalictus) lanarium","Lasioglossum","Lasioglossum (Chilalictus)"
"524","Lasioglossum (Chilalictus) lanarium","Lasioglossum","Lasioglossum (Chilalictus)"
"525","Lasioglossum (Chilalictus) lanarium","Lasioglossum","Lasioglossum (Chilalictus)"
"526","Lasioglossum (Chilalictus) lanarium","Lasioglossum","Lasioglossum (Chilalictus)"
"527","Lasioglossum (Chilalictus) lanarium","Lasioglossum","Lasioglossum (Chilalictus)"
"528","Lasioglossum (Chilalictus) lanarium","Lasioglossum","Lasioglossum (Chilalictus)"
"529","Lasioglossum (Chilalictus) lanarium","Lasioglossum","Lasioglossum (Chilalictus)"
"530","Lasioglossum (Chilalictus) latichilum","Lasioglossum","Lasioglossum (Chilalictus)"
"531","Lasioglossum (Chilalictus) latichilum","Lasioglossum","Lasioglossum (Chilalictus)"
"532","Lasioglossum (Chilalictus) lineatum","Lasioglossum","Lasioglossum (Chilalictus)"
"533","Lasioglossum (Chilalictus) lineatum","Lasioglossum","Lasioglossum (Chilalictus)"
"534","Lasioglossum (Chilalictus) lineatum","Lasioglossum","Lasioglossum (Chilalictus)"
"535","Lasioglossum (Chilalictus) lineatum","Lasioglossum","Lasioglossum (Chilalictus)"
"536","Lasioglossum (Chilalictus) lineatum","Lasioglossum","Lasioglossum (Chilalictus)"
"537","Lasioglossum (Chilalictus) littleri","Lasioglossum","Lasioglossum (Chilalictus)"
"538","Lasioglossum (Chilalictus) littleri","Lasioglossum","Lasioglossum (Chilalictus)"
"539","Lasioglossum (Chilalictus) littleri","Lasioglossum","Lasioglossum (Chilalictus)"
"540","Lasioglossum (Chilalictus) littleri","Lasioglossum","Lasioglossum (Chilalictus)"
"541","Lasioglossum (Chilalictus) littleri","Lasioglossum","Lasioglossum (Chilalictus)"
"542","Lasioglossum (Chilalictus) littleri","Lasioglossum","Lasioglossum (Chilalictus)"
"543","Lasioglossum (Chilalictus) littleri","Lasioglossum","Lasioglossum (Chilalictus)"
"544","Lasioglossum (Chilalictus) littleri","Lasioglossum","Lasioglossum (Chilalictus)"
"545","Lasioglossum (Chilalictus) littleri","Lasioglossum","Lasioglossum (Chilalictus)"
"546","Lasioglossum (Chilalictus) littleri","Lasioglossum","Lasioglossum (Chilalictus)"
"547","Lasioglossum (Chilalictus) littleri","Lasioglossum","Lasioglossum (Chilalictus)"
"548","Lasioglossum (Chilalictus) littleri","Lasioglossum","Lasioglossum (Chilalictus)"
"549","Lasioglossum (Chilalictus) littleri","Lasioglossum","Lasioglossum (Chilalictus)"
"550","Lasioglossum (Chilalictus) littleri","Lasioglossum","Lasioglossum (Chilalictus)"
"551","Lasioglossum (Chilalictus) macrops","Lasioglossum","Lasioglossum (Chilalictus)"
"552","Lasioglossum (Chilalictus) mediopolitum","Lasioglossum","Lasioglossum (Chilalictus)"
"553","Lasioglossum (Chilalictus) mediopolitum","Lasioglossum","Lasioglossum (Chilalictus)"
"554","Lasioglossum (Chilalictus) mediopolitum","Lasioglossum","Lasioglossum (Chilalictus)"
"555","Lasioglossum (Chilalictus) mediopolitum","Lasioglossum","Lasioglossum (Chilalictus)"
"556","Lasioglossum (Chilalictus) mediopolitum","Lasioglossum","Lasioglossum (Chilalictus)"
"557","Lasioglossum (Chilalictus) mediopolitum","Lasioglossum","Lasioglossum (Chilalictus)"
"558","Lasioglossum (Chilalictus) mediopolitum","Lasioglossum","Lasioglossum (Chilalictus)"
"559","Lasioglossum (Chilalictus) mediopolitum","Lasioglossum","Lasioglossum (Chilalictus)"
"560","Lasioglossum (Chilalictus) mediopolitum","Lasioglossum","Lasioglossum (Chilalictus)"
"561","Lasioglossum (Chilalictus) mediopolitum","Lasioglossum","Lasioglossum (Chilalictus)"
"562","Lasioglossum (Chilalictus) mediopolitum","Lasioglossum","Lasioglossum (Chilalictus)"
"563","Lasioglossum (Chilalictus) mediopolitum","Lasioglossum","Lasioglossum (Chilalictus)"
"564","Lasioglossum (Chilalictus) mediopolitum","Lasioglossum","Lasioglossum (Chilalictus)"
"565","Lasioglossum (Chilalictus) mediopolitum","Lasioglossum","Lasioglossum (Chilalictus)"
"566","Lasioglossum (Chilalictus) mediopolitum","Lasioglossum","Lasioglossum (Chilalictus)"
"567","Lasioglossum (Chilalictus) mediopolitum","Lasioglossum","Lasioglossum (Chilalictus)"
"568","Lasioglossum (Chilalictus) mesembryanthemi","Lasioglossum","Lasioglossum (Chilalictus)"
"569","Lasioglossum (Chilalictus) mesostenoideum","Lasioglossum","Lasioglossum (Chilalictus)"
"570","Lasioglossum (Chilalictus) mesostenoideum","Lasioglossum","Lasioglossum (Chilalictus)"
"571","Lasioglossum (Chilalictus) mesostenoideum","Lasioglossum","Lasioglossum (Chilalictus)"
"572","Lasioglossum (Chilalictus) mesostenoideum","Lasioglossum","Lasioglossum (Chilalictus)"
"573","Lasioglossum (Chilalictus) mesostenoideum","Lasioglossum","Lasioglossum (Chilalictus)"
"574","Lasioglossum (Chilalictus) mundulum","Lasioglossum","Lasioglossum (Chilalictus)"
"575","Lasioglossum (Chilalictus) mundulum","Lasioglossum","Lasioglossum (Chilalictus)"
"576","Lasioglossum (Chilalictus) mundulum","Lasioglossum","Lasioglossum (Chilalictus)"
"577","Lasioglossum (Chilalictus) mundulum","Lasioglossum","Lasioglossum (Chilalictus)"
"578","Lasioglossum (Chilalictus) mundulum","Lasioglossum","Lasioglossum (Chilalictus)"
"579","Lasioglossum (Chilalictus) mundulum","Lasioglossum","Lasioglossum (Chilalictus)"
"580","Lasioglossum (Chilalictus) mundulum","Lasioglossum","Lasioglossum (Chilalictus)"
"581","Lasioglossum (Chilalictus) mundulum","Lasioglossum","Lasioglossum (Chilalictus)"
"582","Lasioglossum (Chilalictus) mundulum","Lasioglossum","Lasioglossum (Chilalictus)"
"583","Lasioglossum (Chilalictus) mundulum","Lasioglossum","Lasioglossum (Chilalictus)"
"584","Lasioglossum (Chilalictus) mundulum","Lasioglossum","Lasioglossum (Chilalictus)"
"585","Lasioglossum (Chilalictus) mundulum","Lasioglossum","Lasioglossum (Chilalictus)"
"586","Lasioglossum (Chilalictus) mundulum","Lasioglossum","Lasioglossum (Chilalictus)"
"587","Lasioglossum (Chilalictus) mundulum","Lasioglossum","Lasioglossum (Chilalictus)"
"588","Lasioglossum (Chilalictus) mundulum","Lasioglossum","Lasioglossum (Chilalictus)"
"589","Lasioglossum (Chilalictus) oblitum","Lasioglossum","Lasioglossum (Chilalictus)"
"590","Lasioglossum (Chilalictus) oblitum","Lasioglossum","Lasioglossum (Chilalictus)"
"591","Lasioglossum (Chilalictus) oblitum","Lasioglossum","Lasioglossum (Chilalictus)"
"592","Lasioglossum (Chilalictus) obscurissimum","Lasioglossum","Lasioglossum (Chilalictus)"
"593","Lasioglossum (Chilalictus) occiduum","Lasioglossum","Lasioglossum (Chilalictus)"
"594","Lasioglossum (Chilalictus) occiduum","Lasioglossum","Lasioglossum (Chilalictus)"
"595","Lasioglossum (Chilalictus) opacicolle","Lasioglossum","Lasioglossum (Chilalictus)"
"596","Lasioglossum (Chilalictus) opacicolle","Lasioglossum","Lasioglossum (Chilalictus)"
"597","Lasioglossum (Chilalictus) opacicolle","Lasioglossum","Lasioglossum (Chilalictus)"
"598","Lasioglossum (Chilalictus) opacicolle","Lasioglossum","Lasioglossum (Chilalictus)"
"599","Lasioglossum (Chilalictus) opacicolle","Lasioglossum","Lasioglossum (Chilalictus)"
"600","Lasioglossum (Chilalictus) opacicolle","Lasioglossum","Lasioglossum (Chilalictus)"
"601","Lasioglossum (Chilalictus) opacicolle","Lasioglossum","Lasioglossum (Chilalictus)"
"602","Lasioglossum (Chilalictus) opacicolle","Lasioglossum","Lasioglossum (Chilalictus)"
"603","Lasioglossum (Chilalictus) opacicolle","Lasioglossum","Lasioglossum (Chilalictus)"
"604","Lasioglossum (Chilalictus) opacicolle","Lasioglossum","Lasioglossum (Chilalictus)"
"605","Lasioglossum (Chilalictus) orbatum","Lasioglossum","Lasioglossum (Chilalictus)"
"606","Lasioglossum (Chilalictus) orbatum","Lasioglossum","Lasioglossum (Chilalictus)"
"607","Lasioglossum (Chilalictus) orbatum","Lasioglossum","Lasioglossum (Chilalictus)"
"608","Lasioglossum (Chilalictus) orbatum","Lasioglossum","Lasioglossum (Chilalictus)"
"609","Lasioglossum (Chilalictus) orbatum","Lasioglossum","Lasioglossum (Chilalictus)"
"610","Lasioglossum (Chilalictus) orbatum","Lasioglossum","Lasioglossum (Chilalictus)"
"611","Lasioglossum (Chilalictus) orbatum","Lasioglossum","Lasioglossum (Chilalictus)"
"612","Lasioglossum (Chilalictus) orbatum","Lasioglossum","Lasioglossum (Chilalictus)"
"613","Lasioglossum (Chilalictus) orbatum","Lasioglossum","Lasioglossum (Chilalictus)"
"614","Lasioglossum (Chilalictus) orbatum","Lasioglossum","Lasioglossum (Chilalictus)"
"615","Lasioglossum (Chilalictus) orbatum","Lasioglossum","Lasioglossum (Chilalictus)"
"616","Lasioglossum (Chilalictus) orbatum","Lasioglossum","Lasioglossum (Chilalictus)"
"617","Lasioglossum (Chilalictus) orbatum","Lasioglossum","Lasioglossum (Chilalictus)"
"618","Lasioglossum (Chilalictus) orbatum","Lasioglossum","Lasioglossum (Chilalictus)"
"619","Lasioglossum (Chilalictus) pachycephalum","Lasioglossum","Lasioglossum (Chilalictus)"
"620","Lasioglossum (Chilalictus) pachycephalum","Lasioglossum","Lasioglossum (Chilalictus)"
"621","Lasioglossum (Chilalictus) pachycephalum","Lasioglossum","Lasioglossum (Chilalictus)"
"622","Lasioglossum (Chilalictus) pachycephalum","Lasioglossum","Lasioglossum (Chilalictus)"
"623","Lasioglossum (Chilalictus) pachycephalum","Lasioglossum","Lasioglossum (Chilalictus)"
"624","Lasioglossum (Chilalictus) pachycephalum","Lasioglossum","Lasioglossum (Chilalictus)"
"625","Lasioglossum (Chilalictus) pachycephalum","Lasioglossum","Lasioglossum (Chilalictus)"
"626","Lasioglossum (Chilalictus) pachycephalum","Lasioglossum","Lasioglossum (Chilalictus)"
"627","Lasioglossum (Chilalictus) pachycephalum","Lasioglossum","Lasioglossum (Chilalictus)"
"628","Lasioglossum (Chilalictus) pachycephalum","Lasioglossum","Lasioglossum (Chilalictus)"
"629","Lasioglossum (Chilalictus) parasphecodum","Lasioglossum","Lasioglossum (Chilalictus)"
"630","Lasioglossum (Chilalictus) platycephalum","Lasioglossum","Lasioglossum (Chilalictus)"
"631","Lasioglossum (Chilalictus) platycephalum","Lasioglossum","Lasioglossum (Chilalictus)"
"632","Lasioglossum (Chilalictus) platycephalum","Lasioglossum","Lasioglossum (Chilalictus)"
"633","Lasioglossum (Chilalictus) platycephalum","Lasioglossum","Lasioglossum (Chilalictus)"
"634","Lasioglossum (Chilalictus) platycephalum","Lasioglossum","Lasioglossum (Chilalictus)"
"635","Lasioglossum (Chilalictus) platychilum","Lasioglossum","Lasioglossum (Chilalictus)"
"636","Lasioglossum (Chilalictus) platychilum","Lasioglossum","Lasioglossum (Chilalictus)"
"637","Lasioglossum (Chilalictus) platychilum","Lasioglossum","Lasioglossum (Chilalictus)"
"638","Lasioglossum (Chilalictus) plebeium","Lasioglossum","Lasioglossum (Chilalictus)"
"639","Lasioglossum (Chilalictus) plebeium","Lasioglossum","Lasioglossum (Chilalictus)"
"640","Lasioglossum (Chilalictus) plebeium","Lasioglossum","Lasioglossum (Chilalictus)"
"641","Lasioglossum (Chilalictus) plebeium","Lasioglossum","Lasioglossum (Chilalictus)"
"642","Lasioglossum (Chilalictus) plebeium","Lasioglossum","Lasioglossum (Chilalictus)"
"643","Lasioglossum (Chilalictus) polygoni","Lasioglossum","Lasioglossum (Chilalictus)"
"644","Lasioglossum (Chilalictus) pulvitectum","Lasioglossum","Lasioglossum (Chilalictus)"
"645","Lasioglossum (Chilalictus) pulvitectum","Lasioglossum","Lasioglossum (Chilalictus)"
"646","Lasioglossum (Chilalictus) pulvitectum","Lasioglossum","Lasioglossum (Chilalictus)"
"647","Lasioglossum (Chilalictus) pulvitectum","Lasioglossum","Lasioglossum (Chilalictus)"
"648","Lasioglossum (Chilalictus) pulvitectum","Lasioglossum","Lasioglossum (Chilalictus)"
"649","Lasioglossum (Chilalictus) pulvitectum","Lasioglossum","Lasioglossum (Chilalictus)"
"650","Lasioglossum (Chilalictus) pulvitectum","Lasioglossum","Lasioglossum (Chilalictus)"
"651","Lasioglossum (Chilalictus) quadratum","Lasioglossum","Lasioglossum (Chilalictus)"
"652","Lasioglossum (Chilalictus) quadratum","Lasioglossum","Lasioglossum (Chilalictus)"
"653","Lasioglossum (Chilalictus) quadratum","Lasioglossum","Lasioglossum (Chilalictus)"
"654","Lasioglossum (Chilalictus) repraesentans","Lasioglossum","Lasioglossum (Chilalictus)"
"655","Lasioglossum (Chilalictus) repraesentans","Lasioglossum","Lasioglossum (Chilalictus)"
"656","Lasioglossum (Chilalictus) repraesentans","Lasioglossum","Lasioglossum (Chilalictus)"
"657","Lasioglossum (Chilalictus) repraesentans","Lasioglossum","Lasioglossum (Chilalictus)"
"658","Lasioglossum (Chilalictus) repraesentans","Lasioglossum","Lasioglossum (Chilalictus)"
"659","Lasioglossum (Chilalictus) repraesentans","Lasioglossum","Lasioglossum (Chilalictus)"
"660","Lasioglossum (Chilalictus) repraesentans","Lasioglossum","Lasioglossum (Chilalictus)"
"661","Lasioglossum (Chilalictus) roddi","Lasioglossum","Lasioglossum (Chilalictus)"
"662","Lasioglossum (Chilalictus) roddi","Lasioglossum","Lasioglossum (Chilalictus)"
"663","Lasioglossum (Chilalictus) sculpturatum","Lasioglossum","Lasioglossum (Chilalictus)"
"664","Lasioglossum (Chilalictus) sculpturatum","Lasioglossum","Lasioglossum (Chilalictus)"
"665","Lasioglossum (Chilalictus) sculpturatum","Lasioglossum","Lasioglossum (Chilalictus)"
"666","Lasioglossum (Chilalictus) sculpturatum","Lasioglossum","Lasioglossum (Chilalictus)"
"667","Lasioglossum (Chilalictus) sculpturatum","Lasioglossum","Lasioglossum (Chilalictus)"
"668","Lasioglossum (Chilalictus) sculpturatum","Lasioglossum","Lasioglossum (Chilalictus)"
"669","Lasioglossum (Chilalictus) sculpturatum","Lasioglossum","Lasioglossum (Chilalictus)"
"670","Lasioglossum (Chilalictus) sculpturatum","Lasioglossum","Lasioglossum (Chilalictus)"
"671","Lasioglossum (Chilalictus) seminitens","Lasioglossum","Lasioglossum (Chilalictus)"
"672","Lasioglossum (Chilalictus) seminitens","Lasioglossum","Lasioglossum (Chilalictus)"
"673","Lasioglossum (Chilalictus) sexsetum","Lasioglossum","Lasioglossum (Chilalictus)"
"674","Lasioglossum (Chilalictus) sexsetum","Lasioglossum","Lasioglossum (Chilalictus)"
"675","Lasioglossum (Chilalictus) sexsetum","Lasioglossum","Lasioglossum (Chilalictus)"
"676","Lasioglossum (Chilalictus) sexsetum","Lasioglossum","Lasioglossum (Chilalictus)"
"677","Lasioglossum (Chilalictus) sororculum","Lasioglossum","Lasioglossum (Chilalictus)"
"678","Lasioglossum (Chilalictus) sororculum","Lasioglossum","Lasioglossum (Chilalictus)"
"679","Lasioglossum (Chilalictus) sororculum","Lasioglossum","Lasioglossum (Chilalictus)"
"680","Lasioglossum (Chilalictus) sororculum","Lasioglossum","Lasioglossum (Chilalictus)"
"681","Lasioglossum (Chilalictus) sororculum","Lasioglossum","Lasioglossum (Chilalictus)"
"682","Lasioglossum (Chilalictus) sp. unsorted","Lasioglossum","Lasioglossum (Chilalictus)"
"683","Lasioglossum (Chilalictus) sp. unsorted","Lasioglossum","Lasioglossum (Chilalictus)"
"684","Lasioglossum (Chilalictus) sp. unsorted","Lasioglossum","Lasioglossum (Chilalictus)"
"685","Lasioglossum (Chilalictus) sp. unsorted","Lasioglossum","Lasioglossum (Chilalictus)"
"686","Lasioglossum (Chilalictus) sp. unsorted","Lasioglossum","Lasioglossum (Chilalictus)"
"687","Lasioglossum (Chilalictus) sp. unsorted","Lasioglossum","Lasioglossum (Chilalictus)"
"688","Lasioglossum (Chilalictus) sp. unsorted","Lasioglossum","Lasioglossum (Chilalictus)"
"689","Lasioglossum (Chilalictus) sp. unsorted","Lasioglossum","Lasioglossum (Chilalictus)"
"690","Lasioglossum (Chilalictus) sp. unsorted","Lasioglossum","Lasioglossum (Chilalictus)"
"691","Lasioglossum (Chilalictus) sp. unsorted","Lasioglossum","Lasioglossum (Chilalictus)"
"692","Lasioglossum (Chilalictus) sp. unsorted","Lasioglossum","Lasioglossum (Chilalictus)"
"693","Lasioglossum (Chilalictus) sp. unsorted","Lasioglossum","Lasioglossum (Chilalictus)"
"694","Lasioglossum (Chilalictus) sp. unsorted","Lasioglossum","Lasioglossum (Chilalictus)"
"695","Lasioglossum (Chilalictus) sp. unsorted","Lasioglossum","Lasioglossum (Chilalictus)"
"696","Lasioglossum (Chilalictus) sp. unsorted","Lasioglossum","Lasioglossum (Chilalictus)"
"697","Lasioglossum (Chilalictus) sp. unsorted","Lasioglossum","Lasioglossum (Chilalictus)"
"698","Lasioglossum (Chilalictus) sp. unsorted","Lasioglossum","Lasioglossum (Chilalictus)"
"699","Lasioglossum (Chilalictus) sp. unsorted","Lasioglossum","Lasioglossum (Chilalictus)"
"700","Lasioglossum (Chilalictus) sp. unsorted","Lasioglossum","Lasioglossum (Chilalictus)"
"701","Lasioglossum (Chilalictus) sp. unsorted","Lasioglossum","Lasioglossum (Chilalictus)"
"702","Lasioglossum (Chilalictus) speculatum","Lasioglossum","Lasioglossum (Chilalictus)"
"703","Lasioglossum (Chilalictus) subplebeium","Lasioglossum","Lasioglossum (Chilalictus)"
"704","Lasioglossum (Chilalictus) subplebeium","Lasioglossum","Lasioglossum (Chilalictus)"
"705","Lasioglossum (Chilalictus) subplebeium","Lasioglossum","Lasioglossum (Chilalictus)"
"706","Lasioglossum (Chilalictus) tamburinei","Lasioglossum","Lasioglossum (Chilalictus)"
"707","Lasioglossum (Chilalictus) tamburinei","Lasioglossum","Lasioglossum (Chilalictus)"
"708","Lasioglossum (Chilalictus) tamburinei","Lasioglossum","Lasioglossum (Chilalictus)"
"709","Lasioglossum (Chilalictus) tamburinei","Lasioglossum","Lasioglossum (Chilalictus)"
"710","Lasioglossum (Chilalictus) tamburinei","Lasioglossum","Lasioglossum (Chilalictus)"
"711","Lasioglossum (Chilalictus) tamburinei","Lasioglossum","Lasioglossum (Chilalictus)"
"712","Lasioglossum (Chilalictus) tamburinei","Lasioglossum","Lasioglossum (Chilalictus)"
"713","Lasioglossum (Chilalictus) teltiri","Lasioglossum","Lasioglossum (Chilalictus)"
"714","Lasioglossum (Chilalictus) triangulatum","Lasioglossum","Lasioglossum (Chilalictus)"
"715","Lasioglossum (Chilalictus) triangulatum","Lasioglossum","Lasioglossum (Chilalictus)"
"716","Lasioglossum (Chilalictus) tridens","Lasioglossum","Lasioglossum (Chilalictus)"
"717","Lasioglossum (Chilalictus) tridens","Lasioglossum","Lasioglossum (Chilalictus)"
"718","Lasioglossum (Chilalictus) tridens","Lasioglossum","Lasioglossum (Chilalictus)"
"719","Lasioglossum (Chilalictus) tridens","Lasioglossum","Lasioglossum (Chilalictus)"
"720","Lasioglossum (Chilalictus) veronicae","Lasioglossum","Lasioglossum (Chilalictus)"
"721","Lasioglossum (Chilalictus) veronicae","Lasioglossum","Lasioglossum (Chilalictus)"
"722","Lasioglossum (Chilalictus) veronicae","Lasioglossum","Lasioglossum (Chilalictus)"
"723","Lasioglossum (Chilalictus) veronicae","Lasioglossum","Lasioglossum (Chilalictus)"
"724","Lasioglossum (Chilalictus) veronicae","Lasioglossum","Lasioglossum (Chilalictus)"
"725","Lasioglossum (Chilalictus) veronicae","Lasioglossum","Lasioglossum (Chilalictus)"
"726","Lasioglossum (Chilalictus) veronicae","Lasioglossum","Lasioglossum (Chilalictus)"
"727","Lasioglossum (Chilalictus) victoriellum","Lasioglossum","Lasioglossum (Chilalictus)"
"728","Lasioglossum (Chilalictus) victoriellum","Lasioglossum","Lasioglossum (Chilalictus)"
"729","Lasioglossum (Chilalictus) victoriellum","Lasioglossum","Lasioglossum (Chilalictus)"
"730","Lasioglossum (Chilalictus) victoriellum","Lasioglossum","Lasioglossum (Chilalictus)"
"731","Lasioglossum (Chilalictus) victoriellum","Lasioglossum","Lasioglossum (Chilalictus)"
"732","Lasioglossum (Chilalictus) vitripenne","Lasioglossum","Lasioglossum (Chilalictus)"
"733","Lasioglossum (Chilalictus) vitripenne","Lasioglossum","Lasioglossum (Chilalictus)"
"734","Lasioglossum (Chilalictus) vitripenne","Lasioglossum","Lasioglossum (Chilalictus)"
"735","Lasioglossum (Chilalictus) vitripenne","Lasioglossum","Lasioglossum (Chilalictus)"
"736","Lasioglossum (Chilalictus) vitripenne","Lasioglossum","Lasioglossum (Chilalictus)"
"737","Lasioglossum (Chilalictus) vitripenne","Lasioglossum","Lasioglossum (Chilalictus)"
"738","Lasioglossum (Chilalictus) vitripenne","Lasioglossum","Lasioglossum (Chilalictus)"
"739","Lasioglossum (Chilalictus) vitripenne","Lasioglossum","Lasioglossum (Chilalictus)"
"740","Lasioglossum (Chilalictus) vitripenne","Lasioglossum","Lasioglossum (Chilalictus)"
"741","Lasioglossum (Chilalictus) vitripenne","Lasioglossum","Lasioglossum (Chilalictus)"
"742","Lasioglossum (Chilalictus) vitripenne","Lasioglossum","Lasioglossum (Chilalictus)"
"743","Lasioglossum (Chilalictus) vitripenne","Lasioglossum","Lasioglossum (Chilalictus)"
"744","Lasioglossum (Chilalictus) willsi","Lasioglossum","Lasioglossum (Chilalictus)"
"745","Lasioglossum (Chilalictus) willsi","Lasioglossum","Lasioglossum (Chilalictus)"
"746","Lasioglossum (Chilalictus) willsi","Lasioglossum","Lasioglossum (Chilalictus)"
"747","Lasioglossum (Chilalictus) xerophilum","Lasioglossum","Lasioglossum (Chilalictus)"
"748","Lasioglossum (Chilalictus) xerophilum","Lasioglossum","Lasioglossum (Chilalictus)"
"749","Lasioglossum (Ctenonomia) msp. ctn1","Lasioglossum","Lasioglossum (Ctenonomia)"
"750","Lasioglossum (Ctenonomia) msp. ctn1","Lasioglossum","Lasioglossum (Ctenonomia)"
"751","Lasioglossum (Ctenonomia) msp. ctn2","Lasioglossum","Lasioglossum (Ctenonomia)"
"752","Lasioglossum (Ctenonomia) msp. ctn2","Lasioglossum","Lasioglossum (Ctenonomia)"
"753","Lasioglossum (Ctenonomia) msp. ctn2","Lasioglossum","Lasioglossum (Ctenonomia)"
"754","Lasioglossum (Ctenonomia) msp. ctn2","Lasioglossum","Lasioglossum (Ctenonomia)"
"755","Lasioglossum (Ctenonomia) msp. ctn2","Lasioglossum","Lasioglossum (Ctenonomia)"
"756","Lasioglossum (Ctenonomia) msp. ctn2","Lasioglossum","Lasioglossum (Ctenonomia)"
"757","Lasioglossum (Ctenonomia) msp. ctn2","Lasioglossum","Lasioglossum (Ctenonomia)"
"758","Lasioglossum (Ctenonomia) sp. ctn3","Lasioglossum","Lasioglossum (Ctenonomia)"
"759","Lasioglossum (Ctenonomia) sp. ctn3","Lasioglossum","Lasioglossum (Ctenonomia)"
"760","Lasioglossum (Ctenonomia) sp. ctn3","Lasioglossum","Lasioglossum (Ctenonomia)"
"761","Lasioglossum (Ctenonomia) sp. ctn3","Lasioglossum","Lasioglossum (Ctenonomia)"
"762","Lasioglossum (Ctenonomia) sp. ctn4","Lasioglossum","Lasioglossum (Ctenonomia)"
"763","Lasioglossum (Ctenonomia) sp. ctn4","Lasioglossum","Lasioglossum (Ctenonomia)"
"764","Lasioglossum (Ctenonomia) sp. ctn4","Lasioglossum","Lasioglossum (Ctenonomia)"
"765","Lasioglossum (Ctenonomia) sp. unsorted","Lasioglossum","Lasioglossum (Ctenonomia)"
"766","Lasioglossum (Ctenonomia) sp. unsorted","Lasioglossum","Lasioglossum (Ctenonomia)"
"767","Lasioglossum (Ctenonomia) sp. unsorted","Lasioglossum","Lasioglossum (Ctenonomia)"
"768","Lasioglossum (Ctenonomia) sp. unsorted","Lasioglossum","Lasioglossum (Ctenonomia)"
"769","Lasioglossum (Ctenonomia) sp. unsorted","Lasioglossum","Lasioglossum (Ctenonomia)"
"770","Lasioglossum (Ctenonomia) sp. unsorted","Lasioglossum","Lasioglossum (Ctenonomia)"
"771","Lasioglossum (Ctenonomia) sp. unsorted","Lasioglossum","Lasioglossum (Ctenonomia)"
"772","Lasioglossum (Parasphecodes) acristum","Lasioglossum","Lasioglossum (Parasphecodes)"
"773","Lasioglossum (Parasphecodes) altichum","Lasioglossum","Lasioglossum (Parasphecodes)"
"774","Lasioglossum (Parasphecodes) altichum","Lasioglossum","Lasioglossum (Parasphecodes)"
"775","Lasioglossum (Parasphecodes) altichum","Lasioglossum","Lasioglossum (Parasphecodes)"
"776","Lasioglossum (Parasphecodes) altichum","Lasioglossum","Lasioglossum (Parasphecodes)"
"777","Lasioglossum (Parasphecodes) atronitens","Lasioglossum","Lasioglossum (Parasphecodes)"
"778","Lasioglossum (Parasphecodes) atronitens","Lasioglossum","Lasioglossum (Parasphecodes)"
"779","Lasioglossum (Parasphecodes) atronitens","Lasioglossum","Lasioglossum (Parasphecodes)"
"780","Lasioglossum (Parasphecodes) atronitens","Lasioglossum","Lasioglossum (Parasphecodes)"
"781","Lasioglossum (Parasphecodes) atronitens","Lasioglossum","Lasioglossum (Parasphecodes)"
"782","Lasioglossum (Parasphecodes) atronitens","Lasioglossum","Lasioglossum (Parasphecodes)"
"783","Lasioglossum (Parasphecodes) atronitens","Lasioglossum","Lasioglossum (Parasphecodes)"
"784","Lasioglossum (Parasphecodes) bryotrichum","Lasioglossum","Lasioglossum (Parasphecodes)"
"785","Lasioglossum (Parasphecodes) bryotrichum","Lasioglossum","Lasioglossum (Parasphecodes)"
"786","Lasioglossum (Parasphecodes) bryotrichum","Lasioglossum","Lasioglossum (Parasphecodes)"
"787","Lasioglossum (Parasphecodes) bryotrichum","Lasioglossum","Lasioglossum (Parasphecodes)"
"788","Lasioglossum (Parasphecodes) bryotrichum","Lasioglossum","Lasioglossum (Parasphecodes)"
"789","Lasioglossum (Parasphecodes) bryotrichum","Lasioglossum","Lasioglossum (Parasphecodes)"
"790","Lasioglossum (Parasphecodes) bryotrichum","Lasioglossum","Lasioglossum (Parasphecodes)"
"791","Lasioglossum (Parasphecodes) bryotrichum","Lasioglossum","Lasioglossum (Parasphecodes)"
"792","Lasioglossum (Parasphecodes) carbonarium","Lasioglossum","Lasioglossum (Parasphecodes)"
"793","Lasioglossum (Parasphecodes) carbonarium","Lasioglossum","Lasioglossum (Parasphecodes)"
"794","Lasioglossum (Parasphecodes) carbonarium","Lasioglossum","Lasioglossum (Parasphecodes)"
"795","Lasioglossum (Parasphecodes) carbonarium","Lasioglossum","Lasioglossum (Parasphecodes)"
"796","Lasioglossum (Parasphecodes) carbonarium","Lasioglossum","Lasioglossum (Parasphecodes)"
"797","Lasioglossum (Parasphecodes) carbonarium","Lasioglossum","Lasioglossum (Parasphecodes)"
"798","Lasioglossum (Parasphecodes) carbonarium","Lasioglossum","Lasioglossum (Parasphecodes)"
"799","Lasioglossum (Parasphecodes) carbonarium","Lasioglossum","Lasioglossum (Parasphecodes)"
"800","Lasioglossum (Parasphecodes) carbonarium","Lasioglossum","Lasioglossum (Parasphecodes)"
"801","Lasioglossum (Parasphecodes) carbonarium","Lasioglossum","Lasioglossum (Parasphecodes)"
"802","Lasioglossum (Parasphecodes) clarigaster","Lasioglossum","Lasioglossum (Parasphecodes)"
"803","Lasioglossum (Parasphecodes) clarigaster","Lasioglossum","Lasioglossum (Parasphecodes)"
"804","Lasioglossum (Parasphecodes) clarigaster","Lasioglossum","Lasioglossum (Parasphecodes)"
"805","Lasioglossum (Parasphecodes) clarigaster","Lasioglossum","Lasioglossum (Parasphecodes)"
"806","Lasioglossum (Parasphecodes) excultum","Lasioglossum","Lasioglossum (Parasphecodes)"
"807","Lasioglossum (Parasphecodes) excultum","Lasioglossum","Lasioglossum (Parasphecodes)"
"808","Lasioglossum (Parasphecodes) forresti","Lasioglossum","Lasioglossum (Parasphecodes)"
"809","Lasioglossum (Parasphecodes) hilactum","Lasioglossum","Lasioglossum (Parasphecodes)"
"810","Lasioglossum (Parasphecodes) hiltacum","Lasioglossum","Lasioglossum (Parasphecodes)"
"811","Lasioglossum (Parasphecodes) hiltacum","Lasioglossum","Lasioglossum (Parasphecodes)"
"812","Lasioglossum (Parasphecodes) hiltacum","Lasioglossum","Lasioglossum (Parasphecodes)"
"813","Lasioglossum (Parasphecodes) hiltacum","Lasioglossum","Lasioglossum (Parasphecodes)"
"814","Lasioglossum (Parasphecodes) hiltacum","Lasioglossum","Lasioglossum (Parasphecodes)"
"815","Lasioglossum (Parasphecodes) hiltacum","Lasioglossum","Lasioglossum (Parasphecodes)"
"816","Lasioglossum (Parasphecodes) hiltacum","Lasioglossum","Lasioglossum (Parasphecodes)"
"817","Lasioglossum (Parasphecodes) hiltacum","Lasioglossum","Lasioglossum (Parasphecodes)"
"818","Lasioglossum (Parasphecodes) hiltacum","Lasioglossum","Lasioglossum (Parasphecodes)"
"819","Lasioglossum (Parasphecodes) hiltacum","Lasioglossum","Lasioglossum (Parasphecodes)"
"820","Lasioglossum (Parasphecodes) hiltacum","Lasioglossum","Lasioglossum (Parasphecodes)"
"821","Lasioglossum (Parasphecodes) hiltacum","Lasioglossum","Lasioglossum (Parasphecodes)"
"822","Lasioglossum (Parasphecodes) hiltacum","Lasioglossum","Lasioglossum (Parasphecodes)"
"823","Lasioglossum (Parasphecodes) hiltacum","Lasioglossum","Lasioglossum (Parasphecodes)"
"824","Lasioglossum (Parasphecodes) hiltacum","Lasioglossum","Lasioglossum (Parasphecodes)"
"825","Lasioglossum (Parasphecodes) hiltacum","Lasioglossum","Lasioglossum (Parasphecodes)"
"826","Lasioglossum (Parasphecodes) hiltacum","Lasioglossum","Lasioglossum (Parasphecodes)"
"827","Lasioglossum (Parasphecodes) hiltacum","Lasioglossum","Lasioglossum (Parasphecodes)"
"828","Lasioglossum (Parasphecodes) hiltacum","Lasioglossum","Lasioglossum (Parasphecodes)"
"829","Lasioglossum (Parasphecodes) hiltacum","Lasioglossum","Lasioglossum (Parasphecodes)"
"830","Lasioglossum (Parasphecodes) hiltacum","Lasioglossum","Lasioglossum (Parasphecodes)"
"831","Lasioglossum (Parasphecodes) imitator","Lasioglossum","Lasioglossum (Parasphecodes)"
"832","Lasioglossum (Parasphecodes) imitator","Lasioglossum","Lasioglossum (Parasphecodes)"
"833","Lasioglossum (Parasphecodes) imitator","Lasioglossum","Lasioglossum (Parasphecodes)"
"834","Lasioglossum (Parasphecodes) imitator","Lasioglossum","Lasioglossum (Parasphecodes)"
"835","Lasioglossum (Parasphecodes) imitator","Lasioglossum","Lasioglossum (Parasphecodes)"
"836","Lasioglossum (Parasphecodes) lacthium","Lasioglossum","Lasioglossum (Parasphecodes)"
"837","Lasioglossum (Parasphecodes) lacthium","Lasioglossum","Lasioglossum (Parasphecodes)"
"838","Lasioglossum (Parasphecodes) lacthium","Lasioglossum","Lasioglossum (Parasphecodes)"
"839","Lasioglossum (Parasphecodes) lacthium","Lasioglossum","Lasioglossum (Parasphecodes)"
"840","Lasioglossum (Parasphecodes) lacthium","Lasioglossum","Lasioglossum (Parasphecodes)"
"841","Lasioglossum (Parasphecodes) lacthium","Lasioglossum","Lasioglossum (Parasphecodes)"
"842","Lasioglossum (Parasphecodes) lacthium","Lasioglossum","Lasioglossum (Parasphecodes)"
"843","Lasioglossum (Parasphecodes) lichatum","Lasioglossum","Lasioglossum (Parasphecodes)"
"844","Lasioglossum (Parasphecodes) loweri","Lasioglossum","Lasioglossum (Parasphecodes)"
"845","Lasioglossum (Parasphecodes) melbournense","Lasioglossum","Lasioglossum (Parasphecodes)"
"846","Lasioglossum (Parasphecodes) melbournense","Lasioglossum","Lasioglossum (Parasphecodes)"
"847","Lasioglossum (Parasphecodes) olgae","Lasioglossum","Lasioglossum (Parasphecodes)"
"848","Lasioglossum (Parasphecodes) olgae","Lasioglossum","Lasioglossum (Parasphecodes)"
"849","Lasioglossum (Parasphecodes) olgae","Lasioglossum","Lasioglossum (Parasphecodes)"
"850","Lasioglossum (Parasphecodes) olgae","Lasioglossum","Lasioglossum (Parasphecodes)"
"851","Lasioglossum (Parasphecodes) sulthicum","Lasioglossum","Lasioglossum (Parasphecodes)"
"852","Lasioglossum (Parasphecodes) sulthicum","Lasioglossum","Lasioglossum (Parasphecodes)"
"853","Lasioglossum (Parasphecodes) sulthicum","Lasioglossum","Lasioglossum (Parasphecodes)"
"854","Lasioglossum (Parasphecodes) sulthicum","Lasioglossum","Lasioglossum (Parasphecodes)"
"855","Lasioglossum (Parasphecodes) sulthicum","Lasioglossum","Lasioglossum (Parasphecodes)"
"856","Lasioglossum (Parasphecodes) sulthicum","Lasioglossum","Lasioglossum (Parasphecodes)"
"857","Lasioglossum (Parasphecodes) sulthicum","Lasioglossum","Lasioglossum (Parasphecodes)"
"858","Lasioglossum (Parasphecodes) sulthicum","Lasioglossum","Lasioglossum (Parasphecodes)"
"859","Lasioglossum (Parasphecodes) sulthicum","Lasioglossum","Lasioglossum (Parasphecodes)"
"860","Lasioglossum (Parasphecodes) sulthicum","Lasioglossum","Lasioglossum (Parasphecodes)"
"861","Lasioglossum (Parasphecodes) sulthicum","Lasioglossum","Lasioglossum (Parasphecodes)"
"862","Lasioglossum (Parasphecodes) sulthicum","Lasioglossum","Lasioglossum (Parasphecodes)"
"863","Lasioglossum (Parasphecodes) taluche","Lasioglossum","Lasioglossum (Parasphecodes)"
"864","Lasioglossum (Parasphecodes) taluche","Lasioglossum","Lasioglossum (Parasphecodes)"
"865","Lasioglossum (Parasphecodes) taluche","Lasioglossum","Lasioglossum (Parasphecodes)"
"866","Lasioglossum (Parasphecodes) taluche","Lasioglossum","Lasioglossum (Parasphecodes)"
"867","Lasioglossum (Parasphecodes) taluche","Lasioglossum","Lasioglossum (Parasphecodes)"
"868","Lasioglossum (Parasphecodes) taluche","Lasioglossum","Lasioglossum (Parasphecodes)"
"869","Lasioglossum (Parasphecodes) taluche","Lasioglossum","Lasioglossum (Parasphecodes)"
"870","Lasioglossum (Parasphecodes) tribuarium","Lasioglossum","Lasioglossum (Parasphecodes)"
"871","Lasioglossum (Parasphecodes) tribuarium","Lasioglossum","Lasioglossum (Parasphecodes)"
"872","Lasioglossum (Parasphecodes) tribuarium","Lasioglossum","Lasioglossum (Parasphecodes)"
"873","Lasioglossum (Parasphecodes) tribuarium","Lasioglossum","Lasioglossum (Parasphecodes)"
"874","Lasioglossum (Parasphecodes) turneri","Lasioglossum","Lasioglossum (Parasphecodes)"
"875","Lasioglossum (Parasphecodes) turneri","Lasioglossum","Lasioglossum (Parasphecodes)"
"876","Lasioglossum (Parasphecodes) turneri","Lasioglossum","Lasioglossum (Parasphecodes)"
"877","Lasioglossum (Parasphecodes) turneri","Lasioglossum","Lasioglossum (Parasphecodes)"
"878","Lasioglossum (Parasphecodes) turneri","Lasioglossum","Lasioglossum (Parasphecodes)"
"879","Lasioglossum (Parasphecodes) turneri","Lasioglossum","Lasioglossum (Parasphecodes)"
"880","Lasioglossum (Parasphecodes) turneri","Lasioglossum","Lasioglossum (Parasphecodes)"
"881","Lasioglossum (Parasphecodes) turneri","Lasioglossum","Lasioglossum (Parasphecodes)"
"882","Lasioglossum (Parasphecodes) turneri","Lasioglossum","Lasioglossum (Parasphecodes)"
"883","Lasioglossum (Parasphecodes) turneri","Lasioglossum","Lasioglossum (Parasphecodes)"
"884","Lasioglossum (Parasphecodes) turneri","Lasioglossum","Lasioglossum (Parasphecodes)"
"885","Lasioglossum (Parasphecodes) turneri","Lasioglossum","Lasioglossum (Parasphecodes)"
"886","Lasioglossum (Parasphecodes) waterhousei","Lasioglossum","Lasioglossum (Parasphecodes)"
"887","Lasioglossum (Parasphecodes) waterhousei","Lasioglossum","Lasioglossum (Parasphecodes)"
"888","Lasioglossum (Parasphecodes) waterhousei","Lasioglossum","Lasioglossum (Parasphecodes)"
"889","Lasioglossum (Parasphecodes) waterhousei","Lasioglossum","Lasioglossum (Parasphecodes)"
"890","Lasioglossum (Parasphecodes) waterhousei","Lasioglossum","Lasioglossum (Parasphecodes)"
"891","Lasioglossum (Parasphecodes) waterhousei","Lasioglossum","Lasioglossum (Parasphecodes)"
"892","Lasioglossum (Parasphecodes) waterhousei","Lasioglossum","Lasioglossum (Parasphecodes)"
"893","Lasioglossum (Parasphecodes) waterhousei","Lasioglossum","Lasioglossum (Parasphecodes)"
"894","Lasioglossum (Parasphecodes) waterhousei","Lasioglossum","Lasioglossum (Parasphecodes)"
"895","Lasioglossum (Parasphecodes) waterhousei","Lasioglossum","Lasioglossum (Parasphecodes)"
"896","Lasioglossum (Parasphecodes) msp. bly","Lasioglossum","Lasioglossum (Parasphecodes)"
"897","Lasioglossum (Parasphecodes) msp. bly","Lasioglossum","Lasioglossum (Parasphecodes)"
"898","Lasioglossum (Parasphecodes) msp. bly","Lasioglossum","Lasioglossum (Parasphecodes)"
"899","Lasioglossum (Parasphecodes) msp. bly","Lasioglossum","Lasioglossum (Parasphecodes)"
"900","Lasioglossum (Parasphecodes) msp. bly","Lasioglossum","Lasioglossum (Parasphecodes)"
"901","Lasioglossum (Parasphecodes) msp. bly","Lasioglossum","Lasioglossum (Parasphecodes)"
"902","Lasioglossum (Parasphecodes) msp. var","Lasioglossum","Lasioglossum (Parasphecodes)"
"903","Lasioglossum (Parasphecodes) msp. var","Lasioglossum","Lasioglossum (Parasphecodes)"
"904","Lasioglossum (Parasphecodes) msp. var","Lasioglossum","Lasioglossum (Parasphecodes)"
"905","Lasioglossum (Parasphecodes) msp. var","Lasioglossum","Lasioglossum (Parasphecodes)"
"906","Lasioglossum (Parasphecodes) sp. unsorted","Lasioglossum","Lasioglossum (Parasphecodes)"
"907","Lasioglossum (Parasphecodes) sp. unsorted","Lasioglossum","Lasioglossum (Parasphecodes)"
"908","Lasioglossum (Parasphecodes) sp. unsorted","Lasioglossum","Lasioglossum (Parasphecodes)"
"909","Lasioglossum sp. unsorted","Lasioglossum","Lasioglossum sp. unsorted"
"910","Lasioglossum sp. unsorted","Lasioglossum","Lasioglossum sp. unsorted"
"911","Lasioglossum sp. unsorted","Lasioglossum","Lasioglossum sp. unsorted"
"912","Lasioglossum sp. unsorted","Lasioglossum","Lasioglossum sp. unsorted"
"913","Lasioglossum sp. unsorted","Lasioglossum","Lasioglossum sp. unsorted"
"914","Lasioglossum sp. unsorted","Lasioglossum","Lasioglossum sp. unsorted"
"915","Lasioglossum sp. unsorted","Lasioglossum","Lasioglossum sp. unsorted"
"916","Lasioglossum sp. unsorted","Lasioglossum","Lasioglossum sp. unsorted"
"917","Lasioglossum sp. unsorted","Lasioglossum","Lasioglossum sp. unsorted"
"918","Lasioglossum sp. unsorted","Lasioglossum","Lasioglossum sp. unsorted"
"919","Lasioglossum sp. unsorted","Lasioglossum","Lasioglossum sp. unsorted"
"920","Lipotriches (Austronomia) australica","Lipotriches","Lipotriches (Austronomia)"
"921","Lipotriches (Austronomia) australica","Lipotriches","Lipotriches (Austronomia)"
"922","Lipotriches (Austronomia) australica","Lipotriches","Lipotriches (Austronomia)"
"923","Lipotriches (Austronomia) australica","Lipotriches","Lipotriches (Austronomia)"
"924","Lipotriches (Austronomia) australica","Lipotriches","Lipotriches (Austronomia)"
"925","Lipotriches (Austronomia) australica","Lipotriches","Lipotriches (Austronomia)"
"926","Lipotriches (Austronomia) australica","Lipotriches","Lipotriches (Austronomia)"
"927","Lipotriches (Austronomia) australica","Lipotriches","Lipotriches (Austronomia)"
"928","Lipotriches (Austronomia) australica","Lipotriches","Lipotriches (Austronomia)"
"929","Lipotriches (Austronomia) australica","Lipotriches","Lipotriches (Austronomia)"
"930","Lipotriches (Austronomia) australica","Lipotriches","Lipotriches (Austronomia)"
"931","Lipotriches (Austronomia) australica","Lipotriches","Lipotriches (Austronomia)"
"932","Lipotriches (Austronomia) australica","Lipotriches","Lipotriches (Austronomia)"
"933","Lipotriches (Austronomia) australica","Lipotriches","Lipotriches (Austronomia)"
"934","Lipotriches (Austronomia) australica","Lipotriches","Lipotriches (Austronomia)"
"935","Lipotriches (Austronomia) australica","Lipotriches","Lipotriches (Austronomia)"
"936","Lipotriches (Austronomia) australica","Lipotriches","Lipotriches (Austronomia)"
"937","Lipotriches (Austronomia) australica","Lipotriches","Lipotriches (Austronomia)"
"938","Lipotriches (Austronomia) australica","Lipotriches","Lipotriches (Austronomia)"
"939","Lipotriches (Austronomia) australica","Lipotriches","Lipotriches (Austronomia)"
"940","Lipotriches (Austronomia) australica","Lipotriches","Lipotriches (Austronomia)"
"941","Lipotriches (Austronomia) australica","Lipotriches","Lipotriches (Austronomia)"
"942","Lipotriches (Austronomia) australica","Lipotriches","Lipotriches (Austronomia)"
"943","Lipotriches (Austronomia) australica","Lipotriches","Lipotriches (Austronomia)"
"944","Lipotriches (Austronomia) australica","Lipotriches","Lipotriches (Austronomia)"
"945","Lipotriches (Austronomia) australica","Lipotriches","Lipotriches (Austronomia)"
"946","Lipotriches (Austronomia) dentiventris","Lipotriches","Lipotriches (Austronomia)"
"947","Lipotriches (Austronomia) dentiventris","Lipotriches","Lipotriches (Austronomia)"
"948","Lipotriches (Austronomia) excellens","Lipotriches","Lipotriches (Austronomia)"
"949","Lipotriches (Austronomia) excellens","Lipotriches","Lipotriches (Austronomia)"
"950","Lipotriches (Austronomia) excellens","Lipotriches","Lipotriches (Austronomia)"
"951","Lipotriches (Austronomia) excellens","Lipotriches","Lipotriches (Austronomia)"
"952","Lipotriches (Austronomia) excellens","Lipotriches","Lipotriches (Austronomia)"
"953","Lipotriches (Austronomia) excellens","Lipotriches","Lipotriches (Austronomia)"
"954","Lipotriches (Austronomia) ferricauda","Lipotriches","Lipotriches (Austronomia)"
"955","Lipotriches (Austronomia) ferricauda","Lipotriches","Lipotriches (Austronomia)"
"956","Lipotriches (Austronomia) ferricauda","Lipotriches","Lipotriches (Austronomia)"
"957","Lipotriches (Austronomia) ferricauda","Lipotriches","Lipotriches (Austronomia)"
"958","Lipotriches (Austronomia) ferricauda","Lipotriches","Lipotriches (Austronomia)"
"959","Lipotriches (Austronomia) ferricauda","Lipotriches","Lipotriches (Austronomia)"
"960","Lipotriches (Austronomia) flavoviridis","Lipotriches","Lipotriches (Austronomia)"
"961","Lipotriches (Austronomia) flavoviridis","Lipotriches","Lipotriches (Austronomia)"
"962","Lipotriches (Austronomia) flavoviridis","Lipotriches","Lipotriches (Austronomia)"
"963","Lipotriches (Austronomia) flavoviridis","Lipotriches","Lipotriches (Austronomia)"
"964","Lipotriches (Austronomia) flavoviridis","Lipotriches","Lipotriches (Austronomia)"
"965","Lipotriches (Austronomia) flavoviridis","Lipotriches","Lipotriches (Austronomia)"
"966","Lipotriches (Austronomia) flavoviridis","Lipotriches","Lipotriches (Austronomia)"
"967","Lipotriches (Austronomia) flavoviridis","Lipotriches","Lipotriches (Austronomia)"
"968","Lipotriches (Austronomia) flavoviridis","Lipotriches","Lipotriches (Austronomia)"
"969","Lipotriches (Austronomia) flavoviridis","Lipotriches","Lipotriches (Austronomia)"
"970","Lipotriches (Austronomia) flavoviridis","Lipotriches","Lipotriches (Austronomia)"
"971","Lipotriches (Austronomia) flavoviridis","Lipotriches","Lipotriches (Austronomia)"
"972","Lipotriches (Austronomia) flavoviridis","Lipotriches","Lipotriches (Austronomia)"
"973","Lipotriches (Austronomia) flavoviridis","Lipotriches","Lipotriches (Austronomia)"
"974","Lipotriches (Austronomia) flavoviridis","Lipotriches","Lipotriches (Austronomia)"
"975","Lipotriches (Austronomia) flavoviridis","Lipotriches","Lipotriches (Austronomia)"
"976","Lipotriches (Austronomia) flavoviridis","Lipotriches","Lipotriches (Austronomia)"
"977","Lipotriches (Austronomia) flavoviridis","Lipotriches","Lipotriches (Austronomia)"
"978","Lipotriches (Austronomia) flavoviridis","Lipotriches","Lipotriches (Austronomia)"
"979","Lipotriches (Austronomia) flavoviridis","Lipotriches","Lipotriches (Austronomia)"
"980","Lipotriches (Austronomia) flavoviridis","Lipotriches","Lipotriches (Austronomia)"
"981","Lipotriches (Austronomia) flavoviridis","Lipotriches","Lipotriches (Austronomia)"
"982","Lipotriches (Austronomia) flavoviridis","Lipotriches","Lipotriches (Austronomia)"
"983","Lipotriches (Austronomia) flavoviridis","Lipotriches","Lipotriches (Austronomia)"
"984","Lipotriches (Austronomia) flavoviridis","Lipotriches","Lipotriches (Austronomia)"
"985","Lipotriches (Austronomia) flavoviridis","Lipotriches","Lipotriches (Austronomia)"
"986","Lipotriches (Austronomia) flavoviridis","Lipotriches","Lipotriches (Austronomia)"
"987","Lipotriches (Austronomia) flavoviridis","Lipotriches","Lipotriches (Austronomia)"
"988","Lipotriches (Austronomia) flavoviridis","Lipotriches","Lipotriches (Austronomia)"
"989","Lipotriches (Austronomia) flavoviridis","Lipotriches","Lipotriches (Austronomia)"
"990","Lipotriches (Austronomia) flavoviridis","Lipotriches","Lipotriches (Austronomia)"
"991","Lipotriches (Austronomia) flavoviridis","Lipotriches","Lipotriches (Austronomia)"
"992","Lipotriches (Austronomia) flavoviridis","Lipotriches","Lipotriches (Austronomia)"
"993","Lipotriches (Austronomia) flavoviridis","Lipotriches","Lipotriches (Austronomia)"
"994","Lipotriches (Austronomia) flavoviridis","Lipotriches","Lipotriches (Austronomia)"
"995","Lipotriches (Austronomia) flavoviridis","Lipotriches","Lipotriches (Austronomia)"
"996","Lipotriches (Austronomia) flavoviridis","Lipotriches","Lipotriches (Austronomia)"
"997","Lipotriches (Austronomia) flavoviridis","Lipotriches","Lipotriches (Austronomia)"
"998","Lipotriches (Austronomia) flavoviridis","Lipotriches","Lipotriches (Austronomia)"
"999","Lipotriches (Austronomia) flavoviridis","Lipotriches","Lipotriches (Austronomia)"
"1000","Lipotriches (Austronomia) flavoviridis","Lipotriches","Lipotriches (Austronomia)"
"1001","Lipotriches (Austronomia) flavoviridis","Lipotriches","Lipotriches (Austronomia)"
"1002","Lipotriches (Austronomia) gracilipes","Lipotriches","Lipotriches (Austronomia)"
"1003","Lipotriches (Austronomia) gracilipes","Lipotriches","Lipotriches (Austronomia)"
"1004","Lipotriches (Austronomia) gracilipes","Lipotriches","Lipotriches (Austronomia)"
"1005","Lipotriches (Austronomia) gracilipes","Lipotriches","Lipotriches (Austronomia)"
"1006","Lipotriches (Austronomia) gracilipes","Lipotriches","Lipotriches (Austronomia)"
"1007","Lipotriches (Austronomia) gracilipes","Lipotriches","Lipotriches (Austronomia)"
"1008","Lipotriches (Austronomia) gracilipes","Lipotriches","Lipotriches (Austronomia)"
"1009","Lipotriches (Austronomia) gracilipes","Lipotriches","Lipotriches (Austronomia)"
"1010","Lipotriches (Austronomia) gracilipes","Lipotriches","Lipotriches (Austronomia)"
"1011","Lipotriches (Austronomia) gracilipes","Lipotriches","Lipotriches (Austronomia)"
"1012","Lipotriches (Austronomia) kurandina","Lipotriches","Lipotriches (Austronomia)"
"1013","Lipotriches (Austronomia) kurandina","Lipotriches","Lipotriches (Austronomia)"
"1014","Lipotriches (Austronomia) moerens","Lipotriches","Lipotriches (Austronomia)"
"1015","Lipotriches (Austronomia) moerens","Lipotriches","Lipotriches (Austronomia)"
"1016","Lipotriches (Austronomia) moerens","Lipotriches","Lipotriches (Austronomia)"
"1017","Lipotriches (Austronomia) moerens","Lipotriches","Lipotriches (Austronomia)"
"1018","Lipotriches (Austronomia) moerens","Lipotriches","Lipotriches (Austronomia)"
"1019","Lipotriches (Austronomia) moerens","Lipotriches","Lipotriches (Austronomia)"
"1020","Lipotriches (Austronomia) moerens","Lipotriches","Lipotriches (Austronomia)"
"1021","Lipotriches (Austronomia) moerens","Lipotriches","Lipotriches (Austronomia)"
"1022","Lipotriches (Austronomia) moerens","Lipotriches","Lipotriches (Austronomia)"
"1023","Lipotriches (Austronomia) muscosa","Lipotriches","Lipotriches (Austronomia)"
"1024","Lipotriches (Austronomia) muscosa","Lipotriches","Lipotriches (Austronomia)"
"1025","Lipotriches (Austronomia) muscosa","Lipotriches","Lipotriches (Austronomia)"
"1026","Lipotriches (Austronomia) muscosa","Lipotriches","Lipotriches (Austronomia)"
"1027","Lipotriches (Austronomia) sp. unsorted","Lipotriches","Lipotriches (Austronomia)"
"1028","Lipotriches (Austronomia) sp. unsorted","Lipotriches","Lipotriches (Austronomia)"
"1029","Lipotriches (Austronomia) sp. unsorted","Lipotriches","Lipotriches (Austronomia)"
"1030","Lipotriches (Austronomia) sp. unsorted","Lipotriches","Lipotriches (Austronomia)"
"1031","Lipotriches (Austronomia) sp. unsorted","Lipotriches","Lipotriches (Austronomia)"
"1032","Lipotriches (Austronomia) sp. unsorted","Lipotriches","Lipotriches (Austronomia)"
"1033","Lipotriches (Austronomia) sp. unsorted","Lipotriches","Lipotriches (Austronomia)"
"1034","Lipotriches (Austronomia) sp. unsorted","Lipotriches","Lipotriches (Austronomia)"
"1035","Lipotriches (Austronomia) sp. unsorted","Lipotriches","Lipotriches (Austronomia)"
"1036","Lipotriches (Austronomia) sp. unsorted","Lipotriches","Lipotriches (Austronomia)"
"1037","Lipotriches (Austronomia) sp. unsorted","Lipotriches","Lipotriches (Austronomia)"
"1038","Lipotriches (Austronomia) sp. unsorted","Lipotriches","Lipotriches (Austronomia)"
"1039","Lipotriches (Austronomia) sp. unsorted","Lipotriches","Lipotriches (Austronomia)"
"1040","Lipotriches (Austronomia) sp. unsorted","Lipotriches","Lipotriches (Austronomia)"
"1041","Lipotriches (Austronomia) sp. unsorted","Lipotriches","Lipotriches (Austronomia)"
"1042","Lipotriches (Austronomia) sp. unsorted","Lipotriches","Lipotriches (Austronomia)"
"1043","Lipotriches (Austronomia) sp. unsorted","Lipotriches","Lipotriches (Austronomia)"
"1044","Lipotriches (Austronomia) sp. unsorted","Lipotriches","Lipotriches (Austronomia)"
"1045","Lipotriches (Austronomia) sp. unsorted","Lipotriches","Lipotriches (Austronomia)"
"1046","Lipotriches (Austronomia) sp. unsorted","Lipotriches","Lipotriches (Austronomia)"
"1047","Lipotriches (Austronomia) sp. unsorted","Lipotriches","Lipotriches (Austronomia)"
"1048","Lipotriches (Austronomia) sp. unsorted","Lipotriches","Lipotriches (Austronomia)"
"1049","Lipotriches (Austronomia) sp. unsorted","Lipotriches","Lipotriches (Austronomia)"
"1050","Lipotriches (Austronomia) sp. unsorted","Lipotriches","Lipotriches (Austronomia)"
"1051","Lipotriches (Austronomia) sp. unsorted","Lipotriches","Lipotriches (Austronomia)"
"1052","Lipotriches (Austronomia) sp. unsorted","Lipotriches","Lipotriches (Austronomia)"
"1053","Lipotriches (Austronomia) sp. unsorted","Lipotriches","Lipotriches (Austronomia)"
"1054","Lipotriches (Austronomia) sp. unsorted","Lipotriches","Lipotriches (Austronomia)"
"1055","Lipotriches (Austronomia) sp. unsorted","Lipotriches","Lipotriches (Austronomia)"
"1056","Lipotriches (Austronomia) submoerens","Lipotriches","Lipotriches (Austronomia)"
"1057","Lipotriches (Austronomia) submoerens","Lipotriches","Lipotriches (Austronomia)"
"1058","Lipotriches (Austronomia) submoerens","Lipotriches","Lipotriches (Austronomia)"
"1059","Lipotriches (Austronomia) submoerens","Lipotriches","Lipotriches (Austronomia)"
"1060","Lipotriches (Austronomia) submoerens","Lipotriches","Lipotriches (Austronomia)"
"1061","Lipotriches (Austronomia) submoerens","Lipotriches","Lipotriches (Austronomia)"
"1062","Lipotriches (Austronomia) submoerens","Lipotriches","Lipotriches (Austronomia)"
"1063","Lipotriches (Austronomia) submoerens","Lipotriches","Lipotriches (Austronomia)"
"1064","Lipotriches (Austronomia) submoerens","Lipotriches","Lipotriches (Austronomia)"
"1065","Lipotriches (Austronomia) submoerens","Lipotriches","Lipotriches (Austronomia)"
"1066","Lipotriches (Austronomia) msp. fv1","Lipotriches","Lipotriches (Austronomia)"
"1067","Lipotriches (Austronomia) msp. fv1","Lipotriches","Lipotriches (Austronomia)"
"1068","Lipotriches (Austronomia) msp. simAC","Lipotriches","Lipotriches (Austronomia)"
"1069","Mellitidia tomentifera","Mellitidia","Mellitidia tomentifera"
"1070","Nomia (Hoplonomia) rubroviridis","Nomia","Nomia (Hoplonomia)"
"1071","Nomia (Hoplonomia) rubroviridis","Nomia","Nomia (Hoplonomia)"
"1072","Nomia (Paulynomia) aurantifer","Nomia","Nomia (Paulynomia)"
"1073","Nomia (Paulynomia) aurantifer","Nomia","Nomia (Paulynomia)"
"1074","Nomia (Paulynomia) aurantifer","Nomia","Nomia (Paulynomia)"
"1075","Nomia (Paulynomia) swainsoniae","Nomia","Nomia (Paulynomia)"
"1076","Seladonia hotoni","Seladonia","Seladonia hotoni"
"1077","Seladonia hotoni","Seladonia","Seladonia hotoni"
"1078","Seladonia hotoni","Seladonia","Seladonia hotoni"
"1079","Seladonia hotoni","Seladonia","Seladonia hotoni"
"1080","Seladonia hotoni","Seladonia","Seladonia hotoni"
