"","source","target","value"
"1","Homalictus (Homalictus) behri","Alphitonia excelsa",2
"2","Homalictus (Homalictus) bremerensis","Banksia grandis",1
"3","Homalictus (Homalictus) brisbanensis","Acacia parramattensis",1
"4","Homalictus (Homalictus) brisbanensis","Angophora floribunda",1
"5","Homalictus (Homalictus) brisbanensis","Angophora hispida",2
"6","Homalictus (Homalictus) brisbanensis","Banksia aemula",1
"7","Homalictus (Homalictus) brisbanensis","Banksia collina",1
"8","Homalictus (Homalictus) brisbanensis","Banksia oblongifolia",1
"9","Homalictus (Homalictus) brisbanensis","Boronia ledifolia",1
"10","Homalictus (Homalictus) brisbanensis","Eriostemon australasius",1
"11","Homalictus (Homalictus) brisbanensis","Eucalyptus robusta",2
"12","Homalictus (Homalictus) brisbanensis","Eucalyptus sp",2
"13","Homalictus (Homalictus) brisbanensis","Foeniculum vulgare",1
"14","Homalictus (Homalictus) brisbanensis","Platysace ericoides",5
"15","Homalictus (Homalictus) callaspis","Carpobrotus sp",1
"16","Homalictus (Homalictus) callaspis","Disphyma crassifolium",1
"17","Homalictus (Homalictus) callaspis","Ipomoea pes-caprae",6
"18","Homalictus (Homalictus) callaspis","Senecio lautus",1
"19","Homalictus (Homalictus) caloundrensis","Acacia buxifolia",2
"20","Homalictus (Homalictus) caloundrensis","Banksia integrifolia",12
"21","Homalictus (Homalictus) caloundrensis","Callistemon sp",1
"22","Homalictus (Homalictus) caloundrensis","Eucalyptus piperita",1
"23","Homalictus (Homalictus) caloundrensis","Tristaniopsis laurina",1
"24","Homalictus (Homalictus) ctenander","Eucalyptus sp",1
"25","Homalictus (Homalictus) ctenander","Hakea tephrosperma",1
"26","Homalictus (Homalictus) ctenander","Melaleuca sp",1
"27","Homalictus (Homalictus) dampieri","Callistemon sp",12
"28","Homalictus (Homalictus) dampieri","Eucalyptus sp",3
"29","Homalictus (Homalictus) dotatus","Angophora floribunda",1
"30","Homalictus (Homalictus) dotatus","Calotis erinacea",1
"31","Homalictus (Homalictus) dotatus","Eucalyptus leucoxylon",1
"32","Homalictus (Homalictus) dotatus","Eucalyptus sp",2
"33","Homalictus (Homalictus) holochlorus","Taraxacum officinale",5
"34","Homalictus (Homalictus) holochlorus","Banksia aemula",1
"35","Homalictus (Homalictus) holochlorus","Banksia ericifolia",1
"36","Homalictus (Homalictus) holochlorus","Banksia integrifolia",3
"37","Homalictus (Homalictus) holochlorus","Boronia ledifolia",1
"38","Homalictus (Homalictus) holochlorus","Bursaria spinosa",2
"39","Homalictus (Homalictus) holochlorus","Daviesia ulicifolia",1
"40","Homalictus (Homalictus) holochlorus","Dendrophthoe glabrescens",1
"41","Homalictus (Homalictus) holochlorus","Dianella longifolia",3
"42","Homalictus (Homalictus) holochlorus","Eriostemon australasius",1
"43","Homalictus (Homalictus) holochlorus","Goodenia bellidifolia",1
"44","Homalictus (Homalictus) holochlorus","Leptospermum sp",1
"45","Homalictus (Homalictus) holochlorus","Lomatia silaifolia",4
"46","Homalictus (Homalictus) holochlorus","Monotoca scoparia",7
"47","Homalictus (Homalictus) holochlorus","Persoonia oblongata",2
"48","Homalictus (Homalictus) holochlorus","Persoonia tenuifolia",2
"49","Homalictus (Homalictus) holochlorus","Pultenaea tuberculata",3
"50","Homalictus (Homalictus) holochlorus","Xanthorrhoea media",2
"51","Homalictus (Homalictus) megastigmus","Acacia rubida",2
"52","Homalictus (Homalictus) megastigmus","Angophora floribunda",2
"53","Homalictus (Homalictus) megastigmus","Haloragis trigonocarpa",1
"54","Homalictus (Homalictus) megastigmus","Leucopogon microphyllus",1
"55","Homalictus (Homalictus) megastigmus","Polyscias sambucifolia",1
"56","Homalictus (Homalictus) murrayi","Bauhinia cunninghamii",1
"57","Homalictus (Homalictus) murrayi","Eremophila sturtii",1
"58","Homalictus (Homalictus) murrayi","Persoonia virgata",2
"59","Homalictus (Homalictus) murrayi","Waltheria virgata",1
"60","Homalictus (Homalictus) niveifrons","Taraxacum officinale",2
"61","Homalictus (Homalictus) niveifrons","Astrotricha latifolia",1
"62","Homalictus (Homalictus) niveifrons","Banksia aemula",2
"63","Homalictus (Homalictus) niveifrons","Bursaria spinosa",1
"64","Homalictus (Homalictus) niveifrons","Corymbia eximia",1
"65","Homalictus (Homalictus) niveifrons","Disphyma crassifolium",1
"66","Homalictus (Homalictus) niveifrons","Eucalyptus robusta",3
"67","Homalictus (Homalictus) niveifrons","Maclura cochinchinensis",4
"68","Homalictus (Homalictus) punctatus","Acacia buxifolia",2
"69","Homalictus (Homalictus) punctatus","Angophora hispida",1
"70","Homalictus (Homalictus) punctatus","Callistemon sp",12
"71","Homalictus (Homalictus) punctatus","Eucalyptus sp",2
"72","Homalictus (Homalictus) punctatus","Eucalyptus bridgesiana",2
"73","Homalictus (Homalictus) punctatus","Eucalyptus burgessiana",1
"74","Homalictus (Homalictus) punctatus","Eucalyptus melliodora",2
"75","Homalictus (Homalictus) punctatus","Eucalyptus pauciflora",2
"76","Homalictus (Homalictus) punctatus","Eucalyptus sp",4
"77","Homalictus (Homalictus) punctatus","Leptospermum trinervum",1
"78","Homalictus (Homalictus) punctatus","Monotoca scoparia",2
"79","Homalictus (Homalictus) punctatus","Persoonia oblongata",1
"80","Homalictus (Homalictus) punctatus","Xanthorrhoea media",1
"81","Homalictus (Homalictus) scrupulosus","Astrotricha latifolia",1
"82","Homalictus (Homalictus) sp. unsorted","Astrotricha floccosa",1
"83","Homalictus (Homalictus) sp. unsorted","Trimenia moorei",1
"84","Homalictus (Homalictus) sphecodoides","Taraxacum officinale",25
"85","Homalictus (Homalictus) sphecodoides","Acacia sp",1
"86","Homalictus (Homalictus) sphecodoides","Cassinia laevis",1
"87","Homalictus (Homalictus) sphecodoides","Convolvulus arvensis",1
"88","Homalictus (Homalictus) sphecodoides","Convolvulus mauretainicus",1
"89","Homalictus (Homalictus) sphecodoides","Echium plantagineum",1
"90","Homalictus (Homalictus) sphecodoides","Eucalyptus albens",1
"91","Homalictus (Homalictus) sphecodoides","Eucalyptus sp",1
"92","Homalictus (Homalictus) sphecodoides","Leucopogon microphyllus",1
"93","Homalictus (Homalictus) sphecodoides","Ranunculus sp",1
"94","Homalictus (Homalictus) sphecodoides","Wahlenbergia sp",9
"95","Homalictus (Homalictus) sphecodopsis","Bauhinia cunninghamii",2
"96","Homalictus (Homalictus) sphecodopsis","Callistemon sp",4
"97","Homalictus (Homalictus) sphecodopsis","Corymbia sp",10
"98","Homalictus (Homalictus) sphecodopsis","Corymbia terminalis",13
"99","Homalictus (Homalictus) sphecodopsis","Eucalyptus dumosa",1
"100","Homalictus (Homalictus) sphecodopsis","Eucalyptus sp",11
"101","Homalictus (Homalictus) sphecodopsis","Eucalyptus viridis",2
"102","Homalictus (Homalictus) sphecodopsis","Eucalyptus yalatensis",4
"103","Homalictus (Homalictus) sphecodopsis","Melaleuca sp",2
"104","Homalictus (Homalictus) urbanus","Taraxacum officinale",3
"105","Homalictus (Homalictus) urbanus","Acacia cana",7
"106","Homalictus (Homalictus) urbanus","Calytrix exstipulata",1
"107","Homalictus (Homalictus) urbanus","Corymbia terminalis",1
"108","Homalictus (Homalictus) urbanus","Cullen australasicum",1
"109","Homalictus (Homalictus) urbanus","Eremophila mitchellii",2
"110","Homalictus (Homalictus) urbanus","Eremophila polyclada",7
"111","Homalictus (Homalictus) urbanus","Eremophila sturtii",10
"112","Homalictus (Homalictus) urbanus","Eucalyptus sp",1
"113","Homalictus (Homalictus) urbanus","Frankenia pseudoflabellata",1
"114","Homalictus (Homalictus) urbanus","Hibbertia acuminata",1
"115","Homalictus (Homalictus) urbanus","Ipomoea pes-caprae",1
"116","Homalictus (Homalictus) urbanus","Melaleuca decussata",4
"117","Homalictus (Homalictus) urbanus","Melaleuca sp",2
"118","Homalictus (Homalictus) urbanus","Pultenaea procumbens",1
"119","Homalictus (Homalictus) urbanus","Scaevola sp",1
"120","Homalictus (Homalictus) urbanus","Senecio madagascariensis",4
"121","Homalictus (Homalictus) urbanus","Senna artemisiodes",2
"122","Homalictus (Homalictus) urbanus","Solanum sp",1
"123","Homalictus (Homalictus) urbanus","Stypandra glauca",1
"124","Homalictus (Homalictus) urbanus","Trianthema pilosa",5
"125","Homalictus (Homalictus) urbanus","Tribulus terrestris",1
"126","Homalictus (Homalictus) urbanus","Wahlenbergia sp",39
"127","Lasioglossum (Australictus) lithuscum","Boronia microphylla",1
"128","Lasioglossum (Australictus) lithuscum","Gompholobium grandiflorum",3
"129","Lasioglossum (Australictus) lithuscum","Leucopogon lanceolatus",1
"130","Lasioglossum (Australictus) lithuscum","Mirbelia platylobioides",2
"131","Lasioglossum (Australictus) lithuscum","Podolobium ilicifolium",1
"132","Lasioglossum (Australictus) lithuscum","Pultenaea linophylla",2
"133","Lasioglossum (Australictus) peraustrale","Angophora floribunda",3
"134","Lasioglossum (Australictus) peraustrale","Angophora hispida",3
"135","Lasioglossum (Australictus) peraustrale","Callistemon sp",1
"136","Lasioglossum (Australictus) peraustrale","Kunzea ambigua",1
"137","Lasioglossum (Australictus) peraustrale","Leptospermum polygalifolium",3
"138","Lasioglossum (Australictus) peraustrale","Micromyrtus blakelyi",1
"139","Lasioglossum (Australictus) peraustrale","Monotoca scoparia",1
"140","Lasioglossum (Australictus) peraustrale","Pultenaea flexilis",1
"141","Lasioglossum (Australictus) plorator","Leucopogon lanceolatus",2
"142","Lasioglossum (Australictus) plorator","Oxylobium arborescens",1
"143","Lasioglossum (Australictus) tertium","Angophora hispida",1
"144","Lasioglossum (Australictus) tertium","Kunzea ambigua",1
"145","Lasioglossum (Australictus) tertium","Leptospermum polygalifolium",1
"146","Lasioglossum (Australictus) tertium","Xanthorrhoea media",1
"147","Lasioglossum (Austrevylaeus) msp. austr1","Acacia melanoxylon",1
"148","Lasioglossum (Austrevylaeus) msp. austr2","Eucalyptus robusta",1
"149","Lasioglossum (Austrevylaeus) msp. austr2","Goodenia bellidifolia",1
"150","Lasioglossum (Austrevylaeus) msp. austr2","Sowerbaea juncea",1
"151","Lasioglossum (Austrevylaeus) msp. austr3","Hibbertia sp",1
"152","Lasioglossum (Austrevylaeus) msp. austr3","Wahlenbergia sp",1
"153","Lasioglossum (Austrevylaeus) msp. bernh","Leucopogon lanceolatus",1
"154","Lasioglossum (Austrevylaeus) msp. bernh","Senecio amygdalifolia",4
"155","Lasioglossum (Austrevylaeus) sp. unsorted","Taraxacum officinale",1
"156","Lasioglossum (Austrevylaeus) sp. unsorted","Acacia buxifolia",1
"157","Lasioglossum (Austrevylaeus) sp. unsorted","Daviesia latifolia",1
"158","Lasioglossum (Austrevylaeus) sp. unsorted","Isopogon anemonifolius",1
"159","Lasioglossum (Austrevylaeus) sp. unsorted","Scaevola ramosissima",3
"160","Lasioglossum (Callalictus) callomelittinum","Ageratina riparia",2
"161","Lasioglossum (Callalictus) callomelittinum","Astrotricha latifolia",2
"162","Lasioglossum (Callalictus) callomelittinum","Boronia pinnata",1
"163","Lasioglossum (Callalictus) callomelittinum","Eucryphia moorei",3
"164","Lasioglossum (Callalictus) callomelittinum","Hibbertia scandens",1
"165","Lasioglossum (Callalictus) callomelittinum","Leucopogon lanceolatus",1
"166","Lasioglossum (Callalictus) callomelittinum","Senecio linearifolius",1
"167","Lasioglossum (Callalictus) callomelittinum","Senecio sp",9
"168","Lasioglossum (Callalictus) callomelittinum","Solanum sp",1
"169","Lasioglossum (Callalictus) callomelittinum","Zieria sp",3
"170","Lasioglossum (Chilalictus) adustum","Acacia johnsonii",5
"171","Lasioglossum (Chilalictus) adustum","Eucalyptus sp",4
"172","Lasioglossum (Chilalictus) adustum","Wahlenbergia sp",1
"173","Lasioglossum (Chilalictus) alacarinatum","Calotis cuneifolia",4
"174","Lasioglossum (Chilalictus) alacarinatum","Polycalymma stuartii",3
"175","Lasioglossum (Chilalictus) albopilosum","Taraxacum officinale",1
"176","Lasioglossum (Chilalictus) albopilosum","Eucalyptus sp",2
"177","Lasioglossum (Chilalictus) albopilosum","Lechenaultia divaricata",1
"178","Lasioglossum (Chilalictus) albopilosum","Leucochrysum albicans",1
"179","Lasioglossum (Chilalictus) albopilosum","Polycalymma stuartii",1
"180","Lasioglossum (Chilalictus) albopilosum","Tribulus terrestris",1
"181","Lasioglossum (Chilalictus) amplexum","Calotis cuneifolia",1
"182","Lasioglossum (Chilalictus) amplexum","Eremophila mitchellii",5
"183","Lasioglossum (Chilalictus) amplexum","Eremophila sp",1
"184","Lasioglossum (Chilalictus) amplexum","Eremophila sturtii",9
"185","Lasioglossum (Chilalictus) amplexum","Eremophila youngii",3
"186","Lasioglossum (Chilalictus) amplexum","Eucalyptus sp",1
"187","Lasioglossum (Chilalictus) amplexum","Eucalyptus torquata",1
"188","Lasioglossum (Chilalictus) amplexum","Hibbertia sp",4
"189","Lasioglossum (Chilalictus) amplexum","Myoporum sp",1
"190","Lasioglossum (Chilalictus) amplexum","Westringia rigida",2
"191","Lasioglossum (Chilalictus) appositum","Acacia wilhelmiana",7
"192","Lasioglossum (Chilalictus) appositum","Bossiaea walkeri",2
"193","Lasioglossum (Chilalictus) appositum","Callistemon sp",4
"194","Lasioglossum (Chilalictus) appositum","Corymbia sp",12
"195","Lasioglossum (Chilalictus) appositum","Eremophila deserti",5
"196","Lasioglossum (Chilalictus) appositum","Eremophila mitchellii",4
"197","Lasioglossum (Chilalictus) appositum","Eucalyptus sp",2
"198","Lasioglossum (Chilalictus) appositum","Eucalyptus viridis",2
"199","Lasioglossum (Chilalictus) asperithorax","Taraxacum officinale",1
"200","Lasioglossum (Chilalictus) asperithorax","Acacia lunata",1
"201","Lasioglossum (Chilalictus) asperithorax","Acacia rubida",2
"202","Lasioglossum (Chilalictus) asperithorax","Jacksonia scoparia",4
"203","Lasioglossum (Chilalictus) asperithorax","Melaleuca sp",4
"204","Lasioglossum (Chilalictus) asperithorax","Mirbelia platylobioides",2
"205","Lasioglossum (Chilalictus) asperithorax","Pultenaea cinerascens",2
"206","Lasioglossum (Chilalictus) asperithorax","Pultenaea sp",1
"207","Lasioglossum (Chilalictus) asperithorax","Scabiosa sp",1
"208","Lasioglossum (Chilalictus) aspratulum","Amyema quandang",1
"209","Lasioglossum (Chilalictus) aspratulum","Eremophila goodwinii",2
"210","Lasioglossum (Chilalictus) aspratulum","Eremophila maculata",6
"211","Lasioglossum (Chilalictus) aspratulum","Melaleuca sp",1
"212","Lasioglossum (Chilalictus) athrix","Eucalyptus sp",1
"213","Lasioglossum (Chilalictus) bibrochum","Craspedia sp",3
"214","Lasioglossum (Chilalictus) biceps","Acacia sp",1
"215","Lasioglossum (Chilalictus) biceps","Eremophila scoparia",3
"216","Lasioglossum (Chilalictus) biceps","Eremophila sturtii",16
"217","Lasioglossum (Chilalictus) biceps","Hakea tephrosperma",4
"218","Lasioglossum (Chilalictus) biceps","Wahlenbergia sp",1
"219","Lasioglossum (Chilalictus) bicingulatum","Angophora floribunda",12
"220","Lasioglossum (Chilalictus) bicingulatum","Callistemon sp",3
"221","Lasioglossum (Chilalictus) bicingulatum","Eucalyptus albens",2
"222","Lasioglossum (Chilalictus) bicingulatum","Eucalyptus canaliculata",2
"223","Lasioglossum (Chilalictus) bicingulatum","Eucalyptus punctata",1
"224","Lasioglossum (Chilalictus) bicingulatum","Eucalyptus sp",4
"225","Lasioglossum (Chilalictus) bicingulatum","Leptospermum polygalifolium",2
"226","Lasioglossum (Chilalictus) bicingulatum","Leptospermum sp",1
"227","Lasioglossum (Chilalictus) bicingulatum","Ligustrum lucidum",1
"228","Lasioglossum (Chilalictus) bicingulatum","Lophostemon confertus",1
"229","Lasioglossum (Chilalictus) bicingulatum","Melaleuca quinquinerva",2
"230","Lasioglossum (Chilalictus) bicingulatum","Melaleuca sp",1
"231","Lasioglossum (Chilalictus) bicingulatum","Monotoca scoparia",1
"232","Lasioglossum (Chilalictus) bicingulatum","Syncarpia glomulifera",1
"233","Lasioglossum (Chilalictus) bicingulatum","Syzygium sp",1
"234","Lasioglossum (Chilalictus) bicolor","Calytrix tetragona",2
"235","Lasioglossum (Chilalictus) bidentulatum","Abutilon otocarpum",2
"236","Lasioglossum (Chilalictus) bidentulatum","Disphyma crassifolium",2
"237","Lasioglossum (Chilalictus) bidentulatum","Eremophila gilesii",1
"238","Lasioglossum (Chilalictus) brazieri","Hakea sp",1
"239","Lasioglossum (Chilalictus) brazieri","Leucopogon lanceolatus",4
"240","Lasioglossum (Chilalictus) brazieri","Phyllota grandiflora",1
"241","Lasioglossum (Chilalictus) brazieri","Pultenaea linophylla",1
"242","Lasioglossum (Chilalictus) brazieri","Ranunculus sp",2
"243","Lasioglossum (Chilalictus) brazieri","Senecio amygdalifolia",2
"244","Lasioglossum (Chilalictus) brazieri","Wahlenbergia sp",3
"245","Lasioglossum (Chilalictus) brunnesetum","Taraxacum officinale",2
"246","Lasioglossum (Chilalictus) brunnesetum","Bursaria spinosa",1
"247","Lasioglossum (Chilalictus) brunnesetum","Cassinia laevis",4
"248","Lasioglossum (Chilalictus) brunnesetum","Cassinia uncata",5
"249","Lasioglossum (Chilalictus) brunnesetum","Pultenaea microphylla",1
"250","Lasioglossum (Chilalictus) brunnesetum","Scaevola ramosissima",1
"251","Lasioglossum (Chilalictus) bucculum","Eremophila sturtii",2
"252","Lasioglossum (Chilalictus) bucculum","Frankenia pseudoflabellata",7
"253","Lasioglossum (Chilalictus) calophyllae","Eremophila scoparia",1
"254","Lasioglossum (Chilalictus) calophyllae","Eucalyptus bridgesiana",1
"255","Lasioglossum (Chilalictus) calophyllae","Eucalyptus leucoxylon",1
"256","Lasioglossum (Chilalictus) calophyllae","Eucalyptus yalatensis",2
"257","Lasioglossum (Chilalictus) calophyllae","Leptospermum sp",1
"258","Lasioglossum (Chilalictus) calophyllae","Olearia sp",1
"259","Lasioglossum (Chilalictus) cambagei","Dianella sp",1
"260","Lasioglossum (Chilalictus) cambagei","Eremophila mitchellii",2
"261","Lasioglossum (Chilalictus) cambagei","Mirbelia platylobioides",1
"262","Lasioglossum (Chilalictus) cambagei","Senna sp",1
"263","Lasioglossum (Chilalictus) carpobrotum","Disphyma crassifolium",8
"264","Lasioglossum (Chilalictus) castor","Callistemon sp",1
"265","Lasioglossum (Chilalictus) castor","Kunzea sp",1
"266","Lasioglossum (Chilalictus) chapmani","Acacia buxifolia",1
"267","Lasioglossum (Chilalictus) chapmani","Bursaria spinosa",2
"268","Lasioglossum (Chilalictus) chapmani","Eremophila deserti",1
"269","Lasioglossum (Chilalictus) chapmani","Eucalyptus piperita",1
"270","Lasioglossum (Chilalictus) chapmani","Eucalyptus sp",1
"271","Lasioglossum (Chilalictus) chapmani","Goodenia bellidifolia",1
"272","Lasioglossum (Chilalictus) chapmani","Melaleuca sp",2
"273","Lasioglossum (Chilalictus) chapmani","Micromyrtus blakelyi",1
"274","Lasioglossum (Chilalictus) chapmani","Phyllota phylicoides",1
"275","Lasioglossum (Chilalictus) chapmani","Scabiosa sp",1
"276","Lasioglossum (Chilalictus) chapmani","Xerochrysum bracteatum",2
"277","Lasioglossum (Chilalictus) clelandi","Taraxacum officinale",2
"278","Lasioglossum (Chilalictus) clelandi","Bulbine bulbosa",1
"279","Lasioglossum (Chilalictus) clelandi","Daviesia mimosoides",3
"280","Lasioglossum (Chilalictus) clelandi","Hardenbergia violacea",4
"281","Lasioglossum (Chilalictus) clelandi","Hebe sp",1
"282","Lasioglossum (Chilalictus) clelandi","Hibbertia rufa",1
"283","Lasioglossum (Chilalictus) clelandi","Isopogon anemonifolius",1
"284","Lasioglossum (Chilalictus) clelandi","Melaleuca decussata",3
"285","Lasioglossum (Chilalictus) clelandi","Phyllota phylicoides",1
"286","Lasioglossum (Chilalictus) clelandi","Platylobium sp",1
"287","Lasioglossum (Chilalictus) clelandi","Pultenaea flexilis",1
"288","Lasioglossum (Chilalictus) clelandi","Pultenaea linophylla",3
"289","Lasioglossum (Chilalictus) clelandi","Pultenaea microphylla",2
"290","Lasioglossum (Chilalictus) clelandi","Pultenaea procumbens",1
"291","Lasioglossum (Chilalictus) clelandi","Pultenaea scabra",1
"292","Lasioglossum (Chilalictus) clelandi","Pultenaea sp",1
"293","Lasioglossum (Chilalictus) clelandi","Pultenaea subspicata",2
"294","Lasioglossum (Chilalictus) clelandi","Ranunculus sp",1
"295","Lasioglossum (Chilalictus) clelandi","Wahlenbergia sp",3
"296","Lasioglossum (Chilalictus) cognatum","Taraxacum officinale",4
"297","Lasioglossum (Chilalictus) cognatum","Calotis cuneifolia",1
"298","Lasioglossum (Chilalictus) cognatum","Calotis sp",2
"299","Lasioglossum (Chilalictus) cognatum","Disphyma crassifolium",2
"300","Lasioglossum (Chilalictus) cognatum","Eremophila bowmanii",1
"301","Lasioglossum (Chilalictus) cognatum","Eremophila deserti",3
"302","Lasioglossum (Chilalictus) cognatum","Eremophila gilesii",4
"303","Lasioglossum (Chilalictus) cognatum","Eremophila polyclada",3
"304","Lasioglossum (Chilalictus) cognatum","Eucalyptus sp",1
"305","Lasioglossum (Chilalictus) cognatum","Goodenia macbarronii",1
"306","Lasioglossum (Chilalictus) cognatum","Leucochrysum albicans",6
"307","Lasioglossum (Chilalictus) cognatum","Melaleuca decussata",5
"308","Lasioglossum (Chilalictus) cognatum","Polycalymma stuartii",3
"309","Lasioglossum (Chilalictus) cognatum","Ptilotus helipteroides",2
"310","Lasioglossum (Chilalictus) cognatum","Pultenaea procumbens",1
"311","Lasioglossum (Chilalictus) cognatum","Reichardia tingitana",2
"312","Lasioglossum (Chilalictus) cognatum","Sida sp",1
"313","Lasioglossum (Chilalictus) cognatum","Swainsona swainsonioides",1
"314","Lasioglossum (Chilalictus) cognatum","Wahlenbergia sp",42
"315","Lasioglossum (Chilalictus) convexum","Angophora hispida",1
"316","Lasioglossum (Chilalictus) convexum","Boronia ledifolia",2
"317","Lasioglossum (Chilalictus) convexum","Bursaria spinosa",2
"318","Lasioglossum (Chilalictus) convexum","Cryptandra spinescens",1
"319","Lasioglossum (Chilalictus) convexum","Eremophila mitchellii",1
"320","Lasioglossum (Chilalictus) convexum","Goodenia bellidifolia",1
"321","Lasioglossum (Chilalictus) convexum","Hibbertia sp",1
"322","Lasioglossum (Chilalictus) convexum","Jacksonia scoparia",1
"323","Lasioglossum (Chilalictus) convexum","Monotoca scoparia",1
"324","Lasioglossum (Chilalictus) convexum","Platysace linearifolia",1
"325","Lasioglossum (Chilalictus) convexum","Prostanthera scutellarioides",1
"326","Lasioglossum (Chilalictus) convexum","Pultenaea microphylla",3
"327","Lasioglossum (Chilalictus) convexum","Pultenaea villosa",1
"328","Lasioglossum (Chilalictus) convexum","Scaevola sp",4
"329","Lasioglossum (Chilalictus) demicapillum","Wahlenbergia sp",11
"330","Lasioglossum (Chilalictus) ebeneum","Bossiaea heterophylla",1
"331","Lasioglossum (Chilalictus) ebeneum","Calotis cuneifolia",1
"332","Lasioglossum (Chilalictus) ebeneum","Corymbia terminalis",1
"333","Lasioglossum (Chilalictus) ebeneum","Dianella longifolia",2
"334","Lasioglossum (Chilalictus) ebeneum","Dillwynia tenuifolia",1
"335","Lasioglossum (Chilalictus) ebeneum","Eremophila longifolia",5
"336","Lasioglossum (Chilalictus) ebeneum","Eremophila mitchellii",13
"337","Lasioglossum (Chilalictus) ebeneum","Eremophila sp",2
"338","Lasioglossum (Chilalictus) ebeneum","Eremophila sturtii",6
"339","Lasioglossum (Chilalictus) ebeneum","Hakea tephrosperma",1
"340","Lasioglossum (Chilalictus) ebeneum","Jacksonia scoparia",1
"341","Lasioglossum (Chilalictus) ebeneum","Keraudrenia integrifolia",2
"342","Lasioglossum (Chilalictus) ebeneum","Micromyrtus blakelyi",1
"343","Lasioglossum (Chilalictus) ebeneum","Monotoca scoparia",1
"344","Lasioglossum (Chilalictus) ebeneum","Petalostylis labicheoides",1
"345","Lasioglossum (Chilalictus) ebeneum","Platysace linearifolia",1
"346","Lasioglossum (Chilalictus) eremaean","Acacia oswaldi",1
"347","Lasioglossum (Chilalictus) eremaean","Cullen australasicum",1
"348","Lasioglossum (Chilalictus) eremaean","Disphyma crassifolium",1
"349","Lasioglossum (Chilalictus) eremaean","Eremophila christophori",1
"350","Lasioglossum (Chilalictus) eremaean","Eremophila deserti",5
"351","Lasioglossum (Chilalictus) eremaean","Eremophila sturtii",11
"352","Lasioglossum (Chilalictus) eremaean","Frankenia sp",1
"353","Lasioglossum (Chilalictus) eremaean","Leucochrysum albicans",11
"354","Lasioglossum (Chilalictus) eremaean","Mesembryanthemum crystallinum",3
"355","Lasioglossum (Chilalictus) eremaean","Polycalymma stuartii",22
"356","Lasioglossum (Chilalictus) eremaean","Reichardia tingitana",2
"357","Lasioglossum (Chilalictus) eremaean","Swainsona purpurea",1
"358","Lasioglossum (Chilalictus) eremaean","Wahlenbergia sp",6
"359","Lasioglossum (Chilalictus) eremophilum","Eremophila scoparia",2
"360","Lasioglossum (Chilalictus) eremophilum","Melaleuca sp",1
"361","Lasioglossum (Chilalictus) erythrurum","Taraxacum officinale",1
"362","Lasioglossum (Chilalictus) erythrurum","Angophora floribunda",3
"363","Lasioglossum (Chilalictus) erythrurum","Angophora hispida",1
"364","Lasioglossum (Chilalictus) erythrurum","Bursaria spinosa",1
"365","Lasioglossum (Chilalictus) erythrurum","Echium plantagineum",3
"366","Lasioglossum (Chilalictus) erythrurum","Eremophila deserti",1
"367","Lasioglossum (Chilalictus) erythrurum","Eucalyptus robusta",2
"368","Lasioglossum (Chilalictus) erythrurum","Eucalyptus sideroxylon",2
"369","Lasioglossum (Chilalictus) erythrurum","Hakea tephrosperma",1
"370","Lasioglossum (Chilalictus) erythrurum","Hibbertia sp",1
"371","Lasioglossum (Chilalictus) erythrurum","Kunzea ambigua",1
"372","Lasioglossum (Chilalictus) erythrurum","Leptospermum polygalifolium",1
"373","Lasioglossum (Chilalictus) erythrurum","Leptospermum sp",2
"374","Lasioglossum (Chilalictus) erythrurum","Melaleuca sp",1
"375","Lasioglossum (Chilalictus) erythrurum","Melaleuca uncinata",1
"376","Lasioglossum (Chilalictus) erythrurum","Mirbelia platylobioides",3
"377","Lasioglossum (Chilalictus) erythrurum","Monotoca scoparia",3
"378","Lasioglossum (Chilalictus) erythrurum","Platysace linearifolia",2
"379","Lasioglossum (Chilalictus) erythrurum","Senna sp",1
"380","Lasioglossum (Chilalictus) eurycephalum","Brunonia australis",1
"381","Lasioglossum (Chilalictus) eurycephalum","Eremophila bowmanii",1
"382","Lasioglossum (Chilalictus) eurycephalum","Eremophila goodwinii",2
"383","Lasioglossum (Chilalictus) eurycephalum","Eremophila mitchellii",2
"384","Lasioglossum (Chilalictus) eurycephalum","Eremophila sturtii",3
"385","Lasioglossum (Chilalictus) eurycephalum","Minuria leptophylla",1
"386","Lasioglossum (Chilalictus) eurycephalum","Senna artemisiodes",1
"387","Lasioglossum (Chilalictus) eurycephalum","Senna sp",7
"388","Lasioglossum (Chilalictus) expansifrons","Acacia colletoides",3
"389","Lasioglossum (Chilalictus) expansifrons","Acacia johnsonii",1
"390","Lasioglossum (Chilalictus) expansifrons","Eremophila mitchellii",7
"391","Lasioglossum (Chilalictus) expansifrons","Eucalyptus socialis",1
"392","Lasioglossum (Chilalictus) expansifrons","Eucalyptus sp",2
"393","Lasioglossum (Chilalictus) expansifrons","Melaleuca decussata",4
"394","Lasioglossum (Chilalictus) expansifrons","Melaleuca uncinata",1
"395","Lasioglossum (Chilalictus) expansifrons","Pultenaea flexilis",3
"396","Lasioglossum (Chilalictus) expansifrons","Senna circinata",4
"397","Lasioglossum (Chilalictus) fasciatum","Disphyma crassifolium",4
"398","Lasioglossum (Chilalictus) fasciatum","Eremophila polyclada",6
"399","Lasioglossum (Chilalictus) fasciatum","Eremophila scoparia",1
"400","Lasioglossum (Chilalictus) fasciatum","Melaleuca sp",2
"401","Lasioglossum (Chilalictus) florale","Eremophila scoparia",1
"402","Lasioglossum (Chilalictus) florale","Eremophila sp",1
"403","Lasioglossum (Chilalictus) florale","Eucalyptus calycogona",1
"404","Lasioglossum (Chilalictus) florale","Haloragis trigonocarpa",4
"405","Lasioglossum (Chilalictus) florale","Leptospermum sp",2
"406","Lasioglossum (Chilalictus) florale","Melaleuca sp",12
"407","Lasioglossum (Chilalictus) florale","Nitraria billardierei",1
"408","Lasioglossum (Chilalictus) gilesi","Acacia buxifolia",1
"409","Lasioglossum (Chilalictus) gilesi","Acacia dealbata",1
"410","Lasioglossum (Chilalictus) gilesi","Bauera rubiodes",1
"411","Lasioglossum (Chilalictus) gilesi","Bursaria spinosa",4
"412","Lasioglossum (Chilalictus) gilesi","Eucalyptus piperita",3
"413","Lasioglossum (Chilalictus) gilesi","Eucalyptus sp",1
"414","Lasioglossum (Chilalictus) gilesi","Eucalyptus sp",1
"415","Lasioglossum (Chilalictus) gilesi","Jacksonia scoparia",1
"416","Lasioglossum (Chilalictus) gilesi","Leptospermum sp",1
"417","Lasioglossum (Chilalictus) gilesi","Prostanthera scutellarioides",1
"418","Lasioglossum (Chilalictus) gilesi","Pultenaea sp",1
"419","Lasioglossum (Chilalictus) gilesi","Senecio amygdalifolia",1
"420","Lasioglossum (Chilalictus) gilesi","Senna sp",1
"421","Lasioglossum (Chilalictus) gilesi","Wahlenbergia sp",8
"422","Lasioglossum (Chilalictus) globosum","Calotis cuneifolia",5
"423","Lasioglossum (Chilalictus) globosum","Wahlenbergia sp",12
"424","Lasioglossum (Chilalictus) greavesi","Acacia sp",2
"425","Lasioglossum (Chilalictus) greavesi","Eremophila deserti",2
"426","Lasioglossum (Chilalictus) greavesi","Eremophila scoparia",1
"427","Lasioglossum (Chilalictus) greavesi","Eremophila sturtii",1
"428","Lasioglossum (Chilalictus) greavesi","Olearia sp",1
"429","Lasioglossum (Chilalictus) grumiculum","Cryptandra spinescens",2
"430","Lasioglossum (Chilalictus) grumiculum","Epacris microphylla",1
"431","Lasioglossum (Chilalictus) gunbowerense","Brachychiton populneum",1
"432","Lasioglossum (Chilalictus) gunbowerense","Eremophila deserti",13
"433","Lasioglossum (Chilalictus) gunbowerense","Eucalyptus dumosa",3
"434","Lasioglossum (Chilalictus) gunbowerense","Eucalyptus sp",5
"435","Lasioglossum (Chilalictus) gunbowerense","Leptospermum sp",1
"436","Lasioglossum (Chilalictus) gynochilum","Wahlenbergia sp",60
"437","Lasioglossum (Chilalictus) helichrysi","Acacia oswaldi",2
"438","Lasioglossum (Chilalictus) helichrysi","Calotis cuneifolia",1
"439","Lasioglossum (Chilalictus) helichrysi","Calotis erinacea",2
"440","Lasioglossum (Chilalictus) helichrysi","Calotis sp",1
"441","Lasioglossum (Chilalictus) helichrysi","Craspedia haplorrhiza",6
"442","Lasioglossum (Chilalictus) helichrysi","Daviesia leptophylla",1
"443","Lasioglossum (Chilalictus) helichrysi","Disphyma crassifolium",2
"444","Lasioglossum (Chilalictus) helichrysi","Eremophila deserti",7
"445","Lasioglossum (Chilalictus) helichrysi","Eucalyptus albens",2
"446","Lasioglossum (Chilalictus) helichrysi","Eucalyptus dumosa",1
"447","Lasioglossum (Chilalictus) helichrysi","Eucalyptus socialis",1
"448","Lasioglossum (Chilalictus) helichrysi","Coronidium scorpioides",1
"449","Lasioglossum (Chilalictus) helichrysi","Melaleuca decussata",6
"450","Lasioglossum (Chilalictus) helichrysi","Melaleuca uncinata",1
"451","Lasioglossum (Chilalictus) helichrysi","Polycalymma stuartii",3
"452","Lasioglossum (Chilalictus) helichrysi","Pultenaea boormanii",2
"453","Lasioglossum (Chilalictus) helichrysi","Pultenaea foliolosa",1
"454","Lasioglossum (Chilalictus) helichrysi","Pultenaea procumbens",2
"455","Lasioglossum (Chilalictus) helichrysi","Reichardia tingitana",2
"456","Lasioglossum (Chilalictus) helichrysi","Taraxacum officinale",1
"457","Lasioglossum (Chilalictus) helichrysi","Wahlenbergia sp",11
"458","Lasioglossum (Chilalictus) helichrysi","Xerochrysum bracteatum",1
"459","Lasioglossum (Chilalictus) hemichalceum","Acacia buxifolia",1
"460","Lasioglossum (Chilalictus) hemichalceum","Acacia johnsonii",7
"461","Lasioglossum (Chilalictus) hemichalceum","Acacia rubida",10
"462","Lasioglossum (Chilalictus) hemichalceum","Acacia sp",7
"463","Lasioglossum (Chilalictus) hemichalceum","Callistemon citrinus",1
"464","Lasioglossum (Chilalictus) hemichalceum","Callistemon sp",2
"465","Lasioglossum (Chilalictus) hemichalceum","Calytrix tetragona",5
"466","Lasioglossum (Chilalictus) hemichalceum","Daviesia leptophylla",1
"467","Lasioglossum (Chilalictus) hemichalceum","Daviesia sp",1
"468","Lasioglossum (Chilalictus) hemichalceum","Eremophila interstans",2
"469","Lasioglossum (Chilalictus) hemichalceum","Eremophila longifolia",1
"470","Lasioglossum (Chilalictus) hemichalceum","Eremophila scoparia",3
"471","Lasioglossum (Chilalictus) hemichalceum","Eremophila sp",1
"472","Lasioglossum (Chilalictus) hemichalceum","Eremophila sturtii",3
"473","Lasioglossum (Chilalictus) hemichalceum","Eucalyptus sp",1
"474","Lasioglossum (Chilalictus) hemichalceum","Eucalyptus calycogona",1
"475","Lasioglossum (Chilalictus) hemichalceum","Eucalyptus leucoxylon",4
"476","Lasioglossum (Chilalictus) hemichalceum","Eucalyptus sp",7
"477","Lasioglossum (Chilalictus) hemichalceum","Eucalyptus sp",1
"478","Lasioglossum (Chilalictus) hemichalceum","Eucalyptus yalatensis",4
"479","Lasioglossum (Chilalictus) hemichalceum","Leucopogon lanceolatus",6
"480","Lasioglossum (Chilalictus) hemichalceum","Melaleuca decussata",2
"481","Lasioglossum (Chilalictus) hemichalceum","Melaleuca nodosa",3
"482","Lasioglossum (Chilalictus) hemichalceum","Melaleuca sp",14
"483","Lasioglossum (Chilalictus) hemichalceum","Myoporum sp",1
"484","Lasioglossum (Chilalictus) hemichalceum","Thelionema caespitosum",1
"485","Lasioglossum (Chilalictus) hemichalceum","Westringia rigida",4
"486","Lasioglossum (Chilalictus) hemichalceum","Xanthorrhoea media",1
"487","Lasioglossum (Chilalictus) humei","Taraxacum officinale",3
"488","Lasioglossum (Chilalictus) humei","Calotis cuneifolia",3
"489","Lasioglossum (Chilalictus) humei","Wahlenbergia sp",16
"490","Lasioglossum (Chilalictus) humei","Xerochrysum bracteatum",2
"491","Lasioglossum (Chilalictus) imitans","Mirbelia rubiifolia",2
"492","Lasioglossum (Chilalictus) imitans","Sphaerolobium minus",1
"493","Lasioglossum (Chilalictus) imitans","Stylidium sp",1
"494","Lasioglossum (Chilalictus) imitans","Wahlenbergia sp",2
"495","Lasioglossum (Chilalictus) immaculatum","Eremophila maculata",6
"496","Lasioglossum (Chilalictus) immaculatum","Grevillea juncifolia",2
"497","Lasioglossum (Chilalictus) impunctatum","Eremophila scoparia",1
"498","Lasioglossum (Chilalictus) impunctatum","Olearia sp",3
"499","Lasioglossum (Chilalictus) impunctatum","Westringia rigida",1
"500","Lasioglossum (Chilalictus) instabilis","Bursaria spinosa",1
"501","Lasioglossum (Chilalictus) instabilis","Chloanthes parviflora",1
"502","Lasioglossum (Chilalictus) instabilis","Epacris microphylla",1
"503","Lasioglossum (Chilalictus) instabilis","Grevillea sericea",2
"504","Lasioglossum (Chilalictus) instabilis","Hardenbergia violacea",1
"505","Lasioglossum (Chilalictus) instabilis","Hibbertia acuminata",2
"506","Lasioglossum (Chilalictus) instabilis","Hibbertia sp",1
"507","Lasioglossum (Chilalictus) instabilis","Lambertia formosa",1
"508","Lasioglossum (Chilalictus) instabilis","Monotoca scoparia",1
"509","Lasioglossum (Chilalictus) instabilis","Pultenaea microphylla",1
"510","Lasioglossum (Chilalictus) instabilis","Pultenaea tuberculata",1
"511","Lasioglossum (Chilalictus) instabilis","Stylidium productum",2
"512","Lasioglossum (Chilalictus) lanarium","Taraxacum officinale",5
"513","Lasioglossum (Chilalictus) lanarium","Baeckea brevifolia",1
"514","Lasioglossum (Chilalictus) lanarium","Brachycome sp",1
"515","Lasioglossum (Chilalictus) lanarium","Calotis cuneifolia",3
"516","Lasioglossum (Chilalictus) lanarium","Frankenia sp",1
"517","Lasioglossum (Chilalictus) lanarium","Hibbertia sp",1
"518","Lasioglossum (Chilalictus) lanarium","Melaleuca sp",2
"519","Lasioglossum (Chilalictus) lanarium","Microseris lanceolata",1
"520","Lasioglossum (Chilalictus) lanarium","Philotheca salsolifolia",1
"521","Lasioglossum (Chilalictus) lanarium","Podolepis sp",2
"522","Lasioglossum (Chilalictus) lanarium","Pultenaea microphylla",2
"523","Lasioglossum (Chilalictus) lanarium","Pultenaea procumbens",2
"524","Lasioglossum (Chilalictus) lanarium","Ranunculus sp",1
"525","Lasioglossum (Chilalictus) lanarium","Senecio lautus",1
"526","Lasioglossum (Chilalictus) lanarium","Stylidium sp",1
"527","Lasioglossum (Chilalictus) lanarium","Wahlenbergia sp",2
"528","Lasioglossum (Chilalictus) lanarium","Westringia sp",2
"529","Lasioglossum (Chilalictus) lanarium","Xerochrysum bracteatum",5
"530","Lasioglossum (Chilalictus) latichilum","Lepidium leptopetalum",4
"531","Lasioglossum (Chilalictus) latichilum","Leucochrysum albicans",1
"532","Lasioglossum (Chilalictus) lineatum","Acacia pendula",1
"533","Lasioglossum (Chilalictus) lineatum","Amyema sp",1
"534","Lasioglossum (Chilalictus) lineatum","Eremophila bignoniiflora",1
"535","Lasioglossum (Chilalictus) lineatum","Eremophila maculata",4
"536","Lasioglossum (Chilalictus) lineatum","Eremophila mitchellii",2
"537","Lasioglossum (Chilalictus) littleri","Taraxacum officinale",1
"538","Lasioglossum (Chilalictus) littleri","Acacia melanoxylon",1
"539","Lasioglossum (Chilalictus) littleri","Acacia myrtifolia",1
"540","Lasioglossum (Chilalictus) littleri","Calotis cuneifolia",1
"541","Lasioglossum (Chilalictus) littleri","Calytrix tetragona",3
"542","Lasioglossum (Chilalictus) littleri","Digitalis purpurea",1
"543","Lasioglossum (Chilalictus) littleri","Eremophila mitchellii",4
"544","Lasioglossum (Chilalictus) littleri","Eucalyptus sp",2
"545","Lasioglossum (Chilalictus) littleri","Kunzea parvifolia",1
"546","Lasioglossum (Chilalictus) littleri","Myosotis alpestris",1
"547","Lasioglossum (Chilalictus) littleri","Prostanthera lasianthos",2
"548","Lasioglossum (Chilalictus) littleri","Senecio linearifolius",1
"549","Lasioglossum (Chilalictus) littleri","Solanum pungetium",1
"550","Lasioglossum (Chilalictus) littleri","Wahlenbergia sp",1
"551","Lasioglossum (Chilalictus) macrops","Wahlenbergia sp",10
"552","Lasioglossum (Chilalictus) mediopolitum","Acacia decora",2
"553","Lasioglossum (Chilalictus) mediopolitum","Acacia sp",3
"554","Lasioglossum (Chilalictus) mediopolitum","Eremophila deserti",1
"555","Lasioglossum (Chilalictus) mediopolitum","Eremophila scoparia",2
"556","Lasioglossum (Chilalictus) mediopolitum","Eremophila sp",1
"557","Lasioglossum (Chilalictus) mediopolitum","Eucalyptus sp",1
"558","Lasioglossum (Chilalictus) mediopolitum","Eucalyptus dumosa",12
"559","Lasioglossum (Chilalictus) mediopolitum","Eucalyptus sideroxylon",2
"560","Lasioglossum (Chilalictus) mediopolitum","Eucalyptus socialis",3
"561","Lasioglossum (Chilalictus) mediopolitum","Eucalyptus sp",16
"562","Lasioglossum (Chilalictus) mediopolitum","Eucalyptus torquata",1
"563","Lasioglossum (Chilalictus) mediopolitum","Melaleuca sp",4
"564","Lasioglossum (Chilalictus) mediopolitum","Nitraria billardierei",5
"565","Lasioglossum (Chilalictus) mediopolitum","Senna sp",2
"566","Lasioglossum (Chilalictus) mediopolitum","Wahlenbergia sp",1
"567","Lasioglossum (Chilalictus) mediopolitum","Westringia rigida",5
"568","Lasioglossum (Chilalictus) mesembryanthemi","Carpobrotus rossii",9
"569","Lasioglossum (Chilalictus) mesostenoideum","Acacia sp",1
"570","Lasioglossum (Chilalictus) mesostenoideum","Chrysocephalum apiculatum",2
"571","Lasioglossum (Chilalictus) mesostenoideum","Eremophila mitchellii",2
"572","Lasioglossum (Chilalictus) mesostenoideum","Eremophila scoparia",3
"573","Lasioglossum (Chilalictus) mesostenoideum","Westringia rigida",3
"574","Lasioglossum (Chilalictus) mundulum","Taraxacum officinale",1
"575","Lasioglossum (Chilalictus) mundulum","Acacia cana",1
"576","Lasioglossum (Chilalictus) mundulum","Acacia colletoides",2
"577","Lasioglossum (Chilalictus) mundulum","Angophora floribunda",6
"578","Lasioglossum (Chilalictus) mundulum","Angophora hispida",1
"579","Lasioglossum (Chilalictus) mundulum","Brachychiton populneum",1
"580","Lasioglossum (Chilalictus) mundulum","Celmisia sp",2
"581","Lasioglossum (Chilalictus) mundulum","Echium plantagineum",1
"582","Lasioglossum (Chilalictus) mundulum","Eremophila deserti",1
"583","Lasioglossum (Chilalictus) mundulum","Eremophila sturtii",1
"584","Lasioglossum (Chilalictus) mundulum","Eucalyptus albens",1
"585","Lasioglossum (Chilalictus) mundulum","Eucalyptus sp",3
"586","Lasioglossum (Chilalictus) mundulum","Leptospermum sp",1
"587","Lasioglossum (Chilalictus) mundulum","Senecio linearifolius",1
"588","Lasioglossum (Chilalictus) mundulum","Wahlenbergia sp",6
"589","Lasioglossum (Chilalictus) oblitum","Bossiaea walkeri",1
"590","Lasioglossum (Chilalictus) oblitum","Eremophila scoparia",1
"591","Lasioglossum (Chilalictus) oblitum","Verticordia acerosa",1
"592","Lasioglossum (Chilalictus) obscurissimum","Wahlenbergia sp",25
"593","Lasioglossum (Chilalictus) occiduum","Grevillea didymobotrya",1
"594","Lasioglossum (Chilalictus) occiduum","Grevillea teretifolia",1
"595","Lasioglossum (Chilalictus) opacicolle","Boronia sp",1
"596","Lasioglossum (Chilalictus) opacicolle","Daviesia mimosoides",1
"597","Lasioglossum (Chilalictus) opacicolle","Oxylobium cordifolium",1
"598","Lasioglossum (Chilalictus) opacicolle","Platylobium sp",7
"599","Lasioglossum (Chilalictus) opacicolle","Podolobium ilicifolium",1
"600","Lasioglossum (Chilalictus) opacicolle","Pultenaea flexilis",4
"601","Lasioglossum (Chilalictus) opacicolle","Pultenaea procumbens",1
"602","Lasioglossum (Chilalictus) opacicolle","Pultenaea scabra",2
"603","Lasioglossum (Chilalictus) opacicolle","Pultenaea sp",1
"604","Lasioglossum (Chilalictus) opacicolle","Senecio linearifolius",1
"605","Lasioglossum (Chilalictus) orbatum","Rubus fruticosus",1
"606","Lasioglossum (Chilalictus) orbatum","Craspedia sp",1
"607","Lasioglossum (Chilalictus) orbatum","Daviesia latifolia",2
"608","Lasioglossum (Chilalictus) orbatum","Daviesia mimosoides",2
"609","Lasioglossum (Chilalictus) orbatum","Goodia lotifolia",1
"610","Lasioglossum (Chilalictus) orbatum","Hardenbergia violacea",3
"611","Lasioglossum (Chilalictus) orbatum","Jacksonia scoparia",6
"612","Lasioglossum (Chilalictus) orbatum","Mirbelia confertiflora",2
"613","Lasioglossum (Chilalictus) orbatum","Oxylobium arborescens",2
"614","Lasioglossum (Chilalictus) orbatum","Phyllota phylicoides",2
"615","Lasioglossum (Chilalictus) orbatum","Podolobium ilicifolium",3
"616","Lasioglossum (Chilalictus) orbatum","Pultenaea boormanii",1
"617","Lasioglossum (Chilalictus) orbatum","Pultenaea microphylla",1
"618","Lasioglossum (Chilalictus) orbatum","Wahlenbergia sp",1
"619","Lasioglossum (Chilalictus) pachycephalum","Acacia wilhelmiana",1
"620","Lasioglossum (Chilalictus) pachycephalum","Callistemon sp",1
"621","Lasioglossum (Chilalictus) pachycephalum","Eremophila gilesii",2
"622","Lasioglossum (Chilalictus) pachycephalum","Eremophila longifolia",1
"623","Lasioglossum (Chilalictus) pachycephalum","Eremophila mitchellii",2
"624","Lasioglossum (Chilalictus) pachycephalum","Eremophila sp",1
"625","Lasioglossum (Chilalictus) pachycephalum","Eremophila sturtii",4
"626","Lasioglossum (Chilalictus) pachycephalum","Goodenia bellidifolia",1
"627","Lasioglossum (Chilalictus) pachycephalum","Senna artemisiodes",2
"628","Lasioglossum (Chilalictus) pachycephalum","Senna sp",3
"629","Lasioglossum (Chilalictus) parasphecodum","Melaleuca sp",1
"630","Lasioglossum (Chilalictus) platycephalum","Taraxacum officinale",1
"631","Lasioglossum (Chilalictus) platycephalum","Dillwynia tenuifolia",1
"632","Lasioglossum (Chilalictus) platycephalum","Eremophila maculata",1
"633","Lasioglossum (Chilalictus) platycephalum","Erigeron sp",1
"634","Lasioglossum (Chilalictus) platycephalum","Pultenaea microphylla",2
"635","Lasioglossum (Chilalictus) platychilum","Goodenia bellidifolia",5
"636","Lasioglossum (Chilalictus) platychilum","Goodenia cycloptera",1
"637","Lasioglossum (Chilalictus) platychilum","Scaevola depauperata",5
"638","Lasioglossum (Chilalictus) plebeium","Taraxacum officinale",2
"639","Lasioglossum (Chilalictus) plebeium","Eremophila mitchellii",1
"640","Lasioglossum (Chilalictus) plebeium","Microseris lanceolata",2
"641","Lasioglossum (Chilalictus) plebeium","Prostanthera lasianthos",1
"642","Lasioglossum (Chilalictus) plebeium","Pultenaea flexilis",1
"643","Lasioglossum (Chilalictus) polygoni","Cordyline stricta",4
"644","Lasioglossum (Chilalictus) pulvitectum","Taraxacum officinale",3
"645","Lasioglossum (Chilalictus) pulvitectum","Dampiera sp",2
"646","Lasioglossum (Chilalictus) pulvitectum","Eucalyptus sp",8
"647","Lasioglossum (Chilalictus) pulvitectum","Eucalyptus sideroxylon",1
"648","Lasioglossum (Chilalictus) pulvitectum","Frankenia sp",1
"649","Lasioglossum (Chilalictus) pulvitectum","Taraxacum officinale",3
"650","Lasioglossum (Chilalictus) pulvitectum","Wahlenbergia sp",4
"651","Lasioglossum (Chilalictus) quadratum","Angophora floribunda",1
"652","Lasioglossum (Chilalictus) quadratum","Eremophila mitchellii",1
"653","Lasioglossum (Chilalictus) quadratum","Melaleuca gibbosa",1
"654","Lasioglossum (Chilalictus) repraesentans","Boronia microphylla",1
"655","Lasioglossum (Chilalictus) repraesentans","Calytrix tetragona",1
"656","Lasioglossum (Chilalictus) repraesentans","Craspedia sp",2
"657","Lasioglossum (Chilalictus) repraesentans","Grevillea laurifolia",1
"658","Lasioglossum (Chilalictus) repraesentans","Senecio linearifolius",1
"659","Lasioglossum (Chilalictus) repraesentans","Senecio sp",1
"660","Lasioglossum (Chilalictus) repraesentans","Wahlenbergia sp",1
"661","Lasioglossum (Chilalictus) roddi","Disphyma crassifolium",3
"662","Lasioglossum (Chilalictus) roddi","Eremophila polyclada",1
"663","Lasioglossum (Chilalictus) sculpturatum","Aotus ericoides",1
"664","Lasioglossum (Chilalictus) sculpturatum","Jacksonia scoparia",2
"665","Lasioglossum (Chilalictus) sculpturatum","Leucopogon lanceolatus",1
"666","Lasioglossum (Chilalictus) sculpturatum","Phyllota phylicoides",10
"667","Lasioglossum (Chilalictus) sculpturatum","Pultenaea sp",1
"668","Lasioglossum (Chilalictus) sculpturatum","Symphionema monatum",1
"669","Lasioglossum (Chilalictus) sculpturatum","Wahlenbergia sp",4
"670","Lasioglossum (Chilalictus) sculpturatum","Zieria laevigata",1
"671","Lasioglossum (Chilalictus) seminitens","Eremophila sp",2
"672","Lasioglossum (Chilalictus) seminitens","Nemcia spathulata",1
"673","Lasioglossum (Chilalictus) sexsetum","Eremophila sturtii",7
"674","Lasioglossum (Chilalictus) sexsetum","Eucalyptus sp",2
"675","Lasioglossum (Chilalictus) sexsetum","Melaleuca sp",3
"676","Lasioglossum (Chilalictus) sexsetum","Nitraria billardierei",42
"677","Lasioglossum (Chilalictus) sororculum","Eremophila duttonii",1
"678","Lasioglossum (Chilalictus) sororculum","Eremophila mitchellii",3
"679","Lasioglossum (Chilalictus) sororculum","Eremophila youngii",2
"680","Lasioglossum (Chilalictus) sororculum","Myoporum sp",5
"681","Lasioglossum (Chilalictus) sororculum","Pterocaulon sphacelatum",1
"682","Lasioglossum (Chilalictus) sp. unsorted","Taraxacum officinale",1
"683","Lasioglossum (Chilalictus) sp. unsorted","Acacia sp",1
"684","Lasioglossum (Chilalictus) sp. unsorted","Acacia wilhelmiana",3
"685","Lasioglossum (Chilalictus) sp. unsorted","Calotis cuneifolia",2
"686","Lasioglossum (Chilalictus) sp. unsorted","Calytrix sp",1
"687","Lasioglossum (Chilalictus) sp. unsorted","Carpobrotus sp",1
"688","Lasioglossum (Chilalictus) sp. unsorted","Eremophila interstans",1
"689","Lasioglossum (Chilalictus) sp. unsorted","Eremophila maculata",1
"690","Lasioglossum (Chilalictus) sp. unsorted","Eremophila mitchellii",4
"691","Lasioglossum (Chilalictus) sp. unsorted","Eucalyptus calycogona",1
"692","Lasioglossum (Chilalictus) sp. unsorted","Eucalyptus socialis",1
"693","Lasioglossum (Chilalictus) sp. unsorted","Frankenia sp",1
"694","Lasioglossum (Chilalictus) sp. unsorted","Gompholobium grandiflorum",1
"695","Lasioglossum (Chilalictus) sp. unsorted","Hibbertia sp",1
"696","Lasioglossum (Chilalictus) sp. unsorted","Leucochrysum albicans",1
"697","Lasioglossum (Chilalictus) sp. unsorted","Melaleuca sp",6
"698","Lasioglossum (Chilalictus) sp. unsorted","Phebalium glandulosum",1
"699","Lasioglossum (Chilalictus) sp. unsorted","Phyllota phylicoides",1
"700","Lasioglossum (Chilalictus) sp. unsorted","Senna sp",1
"701","Lasioglossum (Chilalictus) sp. unsorted","Wahlenbergia sp",1
"702","Lasioglossum (Chilalictus) speculatum","Eremophila polyclada",2
"703","Lasioglossum (Chilalictus) subplebeium","Aristotelia australasica",1
"704","Lasioglossum (Chilalictus) subplebeium","Hibbertia scandens",1
"705","Lasioglossum (Chilalictus) subplebeium","Syzygium sp",1
"706","Lasioglossum (Chilalictus) tamburinei","Angophora floribunda",3
"707","Lasioglossum (Chilalictus) tamburinei","Angophora hispida",1
"708","Lasioglossum (Chilalictus) tamburinei","Eucalyptus camfieldii",1
"709","Lasioglossum (Chilalictus) tamburinei","Eucalyptus punctata",2
"710","Lasioglossum (Chilalictus) tamburinei","Eucalyptus sp",1
"711","Lasioglossum (Chilalictus) tamburinei","Kunzea ambigua",1
"712","Lasioglossum (Chilalictus) tamburinei","Xanthorrhoea media",3
"713","Lasioglossum (Chilalictus) teltiri","Hakea sp",1
"714","Lasioglossum (Chilalictus) triangulatum","Angophora floribunda",2
"715","Lasioglossum (Chilalictus) triangulatum","Eremophila longifolia",7
"716","Lasioglossum (Chilalictus) tridens","Chrysocephalum apiculatum",1
"717","Lasioglossum (Chilalictus) tridens","Craspedia sp",1
"718","Lasioglossum (Chilalictus) tridens","Podolepis canescens",1
"719","Lasioglossum (Chilalictus) tridens","Wahlenbergia sp",2
"720","Lasioglossum (Chilalictus) veronicae","Acacia sp",1
"721","Lasioglossum (Chilalictus) veronicae","Bursaria spinosa",1
"722","Lasioglossum (Chilalictus) veronicae","Eucalyptus socialis",2
"723","Lasioglossum (Chilalictus) veronicae","Eucalyptus sp",1
"724","Lasioglossum (Chilalictus) veronicae","Hakea sp",1
"725","Lasioglossum (Chilalictus) veronicae","Haloragis trigonocarpa",2
"726","Lasioglossum (Chilalictus) veronicae","Melaleuca sp",1
"727","Lasioglossum (Chilalictus) victoriellum","Mitrasacme polymorpha",1
"728","Lasioglossum (Chilalictus) victoriellum","Monotoca scoparia",1
"729","Lasioglossum (Chilalictus) victoriellum","Pultenaea scabra",2
"730","Lasioglossum (Chilalictus) victoriellum","Scaevola ramosissima",2
"731","Lasioglossum (Chilalictus) victoriellum","Stylidium sp",1
"732","Lasioglossum (Chilalictus) vitripenne","Acacia johnsonii",1
"733","Lasioglossum (Chilalictus) vitripenne","Blennodia canescens",1
"734","Lasioglossum (Chilalictus) vitripenne","Eremophila bowmanii",1
"735","Lasioglossum (Chilalictus) vitripenne","Eremophila goodwinii",1
"736","Lasioglossum (Chilalictus) vitripenne","Eremophila sturtii",14
"737","Lasioglossum (Chilalictus) vitripenne","Eucalyptus sp",3
"738","Lasioglossum (Chilalictus) vitripenne","Eucalyptus sp",1
"739","Lasioglossum (Chilalictus) vitripenne","Eucalyptus viridis",3
"740","Lasioglossum (Chilalictus) vitripenne","Hakea sp",1
"741","Lasioglossum (Chilalictus) vitripenne","Hakea tephrosperma",7
"742","Lasioglossum (Chilalictus) vitripenne","Leucopogon microphyllus",1
"743","Lasioglossum (Chilalictus) vitripenne","Wahlenbergia sp",2
"744","Lasioglossum (Chilalictus) willsi","Taraxacum officinale",1
"745","Lasioglossum (Chilalictus) willsi","Pultenaea microphylla",3
"746","Lasioglossum (Chilalictus) willsi","Wahlenbergia sp",23
"747","Lasioglossum (Chilalictus) xerophilum","Podolepis sp",4
"748","Lasioglossum (Chilalictus) xerophilum","Polycalymma stuartii",1
"749","Lasioglossum (Ctenonomia) msp. ctn1","Acacia buxifolia",1
"750","Lasioglossum (Ctenonomia) msp. ctn1","Acacia sp",2
"751","Lasioglossum (Ctenonomia) msp. ctn2","Acacia suavolens",1
"752","Lasioglossum (Ctenonomia) msp. ctn2","Boronia ledifolia",3
"753","Lasioglossum (Ctenonomia) msp. ctn2","Epacris microphylla",2
"754","Lasioglossum (Ctenonomia) msp. ctn2","Monotoca scoparia",20
"755","Lasioglossum (Ctenonomia) msp. ctn2","Petrophile pulchella",1
"756","Lasioglossum (Ctenonomia) msp. ctn2","Sprengelia incarnata",1
"757","Lasioglossum (Ctenonomia) msp. ctn2","Xanthorrhoea media",1
"758","Lasioglossum (Ctenonomia) sp. ctn3","Cassinia laevis",1
"759","Lasioglossum (Ctenonomia) sp. ctn3","Dianella caerulea",1
"760","Lasioglossum (Ctenonomia) sp. ctn3","Hibbertia sp",1
"761","Lasioglossum (Ctenonomia) sp. ctn3","Monotoca scoparia",1
"762","Lasioglossum (Ctenonomia) sp. ctn4","Taraxacum officinale",1
"763","Lasioglossum (Ctenonomia) sp. ctn4","Bursaria spinosa",1
"764","Lasioglossum (Ctenonomia) sp. ctn4","Eucalyptus sp",1
"765","Lasioglossum (Ctenonomia) sp. unsorted","Goodenia bellidifolia",1
"766","Lasioglossum (Ctenonomia) sp. unsorted","Monotoca scoparia",1
"767","Lasioglossum (Ctenonomia) sp. unsorted","Petalostylis labicheoides",1
"768","Lasioglossum (Ctenonomia) sp. unsorted","Platysace ericoides",7
"769","Lasioglossum (Ctenonomia) sp. unsorted","Scaevola ramosissima",7
"770","Lasioglossum (Ctenonomia) sp. unsorted","Senna artemisiodes",1
"771","Lasioglossum (Ctenonomia) sp. unsorted","Trimenia moorei",2
"772","Lasioglossum (Parasphecodes) acristum","Eremophila scoparia",1
"773","Lasioglossum (Parasphecodes) altichum","Taraxacum officinale",2
"774","Lasioglossum (Parasphecodes) altichum","Goodenia ovata",1
"775","Lasioglossum (Parasphecodes) altichum","Hakea sp",4
"776","Lasioglossum (Parasphecodes) altichum","Ranunculus sp",2
"777","Lasioglossum (Parasphecodes) atronitens","Actinotus helianthi",1
"778","Lasioglossum (Parasphecodes) atronitens","Epacris microphylla",1
"779","Lasioglossum (Parasphecodes) atronitens","Epacris pulchella",1
"780","Lasioglossum (Parasphecodes) atronitens","Kunzea ambigua",2
"781","Lasioglossum (Parasphecodes) atronitens","Philotheca sp",1
"782","Lasioglossum (Parasphecodes) atronitens","Xanthorrhoea media",2
"783","Lasioglossum (Parasphecodes) atronitens","Xerochrysum bracteatum",2
"784","Lasioglossum (Parasphecodes) bryotrichum","Callistemon citrinus",4
"785","Lasioglossum (Parasphecodes) bryotrichum","Callistemon sp",3
"786","Lasioglossum (Parasphecodes) bryotrichum","Dillwynia retorta",1
"787","Lasioglossum (Parasphecodes) bryotrichum","Kunzea ambigua",3
"788","Lasioglossum (Parasphecodes) bryotrichum","Leptospermum polygalifolium",3
"789","Lasioglossum (Parasphecodes) bryotrichum","Leucopogon lanceolatus",1
"790","Lasioglossum (Parasphecodes) bryotrichum","Monotoca scoparia",6
"791","Lasioglossum (Parasphecodes) bryotrichum","Persoonia oblongata",1
"792","Lasioglossum (Parasphecodes) carbonarium","Acacia linifolia",1
"793","Lasioglossum (Parasphecodes) carbonarium","Boronia ledifolia",1
"794","Lasioglossum (Parasphecodes) carbonarium","Epacris pulchella",1
"795","Lasioglossum (Parasphecodes) carbonarium","Eucalyptus camfieldii",2
"796","Lasioglossum (Parasphecodes) carbonarium","Gompholobium grandiflorum",1
"797","Lasioglossum (Parasphecodes) carbonarium","Goodia lotifolia",1
"798","Lasioglossum (Parasphecodes) carbonarium","Kunzea ambigua",1
"799","Lasioglossum (Parasphecodes) carbonarium","Leucopogon sp",1
"800","Lasioglossum (Parasphecodes) carbonarium","Senecio sp",1
"801","Lasioglossum (Parasphecodes) carbonarium","Xanthorrhoea media",10
"802","Lasioglossum (Parasphecodes) clarigaster","Leucopogon sp",1
"803","Lasioglossum (Parasphecodes) clarigaster","Persoonia virgata",2
"804","Lasioglossum (Parasphecodes) clarigaster","Pultenaea scabra",1
"805","Lasioglossum (Parasphecodes) clarigaster","Stylidium productum",2
"806","Lasioglossum (Parasphecodes) excultum","Dillwynia floribunda",1
"807","Lasioglossum (Parasphecodes) excultum","Eucryphia moorei",1
"808","Lasioglossum (Parasphecodes) forresti","Pultenaea tuberculata",1
"809","Lasioglossum (Parasphecodes) hilactum","Pultenaea microphylla",2
"810","Lasioglossum (Parasphecodes) hiltacum","Acacia buxifolia",3
"811","Lasioglossum (Parasphecodes) hiltacum","Acacia parramattensis",1
"812","Lasioglossum (Parasphecodes) hiltacum","Angophora floribunda",7
"813","Lasioglossum (Parasphecodes) hiltacum","Angophora hispida",1
"814","Lasioglossum (Parasphecodes) hiltacum","Brachychiton populneum",1
"815","Lasioglossum (Parasphecodes) hiltacum","Callistemon sp",7
"816","Lasioglossum (Parasphecodes) hiltacum","Eremophila scoparia",2
"817","Lasioglossum (Parasphecodes) hiltacum","Eucalyptus sp",1
"818","Lasioglossum (Parasphecodes) hiltacum","Eucalyptus camfieldii",1
"819","Lasioglossum (Parasphecodes) hiltacum","Eucalyptus canaliculata",1
"820","Lasioglossum (Parasphecodes) hiltacum","Eucalyptus sp",2
"821","Lasioglossum (Parasphecodes) hiltacum","Eucalyptus sp",2
"822","Lasioglossum (Parasphecodes) hiltacum","Grevillea sericea",1
"823","Lasioglossum (Parasphecodes) hiltacum","Kunzea parvifolia",1
"824","Lasioglossum (Parasphecodes) hiltacum","Leptospermum sp",1
"825","Lasioglossum (Parasphecodes) hiltacum","Melaleuca quinquinerva",1
"826","Lasioglossum (Parasphecodes) hiltacum","Melaleuca sp",1
"827","Lasioglossum (Parasphecodes) hiltacum","Monotoca scoparia",1
"828","Lasioglossum (Parasphecodes) hiltacum","Ranunculus sp",1
"829","Lasioglossum (Parasphecodes) hiltacum","Senna sp",1
"830","Lasioglossum (Parasphecodes) hiltacum","Westringia rigida",1
"831","Lasioglossum (Parasphecodes) imitator","Taraxacum officinale",2
"832","Lasioglossum (Parasphecodes) imitator","Eucalyptus sp",1
"833","Lasioglossum (Parasphecodes) imitator","Ranunculus sp",2
"834","Lasioglossum (Parasphecodes) imitator","Wahlenbergia sp",2
"835","Lasioglossum (Parasphecodes) imitator","Xerochrysum bracteatum",1
"836","Lasioglossum (Parasphecodes) lacthium","Taraxacum officinale",1
"837","Lasioglossum (Parasphecodes) lacthium","Dillwynia sp",1
"838","Lasioglossum (Parasphecodes) lacthium","Eucalyptus dumosa",1
"839","Lasioglossum (Parasphecodes) lacthium","Eucalyptus sp",1
"840","Lasioglossum (Parasphecodes) lacthium","Jacksonia scoparia",1
"841","Lasioglossum (Parasphecodes) lacthium","Spiranthes sinensis",1
"842","Lasioglossum (Parasphecodes) lacthium","Xerochrysum bracteatum",2
"843","Lasioglossum (Parasphecodes) lichatum","Acacia rubida",1
"844","Lasioglossum (Parasphecodes) loweri","Eucalyptus sp",1
"845","Lasioglossum (Parasphecodes) melbournense","Leucopogon lanceolatus",1
"846","Lasioglossum (Parasphecodes) melbournense","Podolobium ilicifolium",1
"847","Lasioglossum (Parasphecodes) olgae","Taraxacum officinale",10
"848","Lasioglossum (Parasphecodes) olgae","Dianella caerulea",1
"849","Lasioglossum (Parasphecodes) olgae","Persoonia chamaepitys",1
"850","Lasioglossum (Parasphecodes) olgae","Senecio sp",5
"851","Lasioglossum (Parasphecodes) sulthicum","Taraxacum officinale",1
"852","Lasioglossum (Parasphecodes) sulthicum","Angophora floribunda",1
"853","Lasioglossum (Parasphecodes) sulthicum","Callistemon sp",1
"854","Lasioglossum (Parasphecodes) sulthicum","Calytrix tetragona",1
"855","Lasioglossum (Parasphecodes) sulthicum","Eremophila maculata",1
"856","Lasioglossum (Parasphecodes) sulthicum","Eucalyptus camfieldii",1
"857","Lasioglossum (Parasphecodes) sulthicum","Eucalyptus sp",2
"858","Lasioglossum (Parasphecodes) sulthicum","Polyscias sambucifolia",1
"859","Lasioglossum (Parasphecodes) sulthicum","Prostanthera lasianthos",1
"860","Lasioglossum (Parasphecodes) sulthicum","Pultenaea tuberculata",1
"861","Lasioglossum (Parasphecodes) sulthicum","Senecio linearifolius",2
"862","Lasioglossum (Parasphecodes) sulthicum","Xanthorrhoea media",3
"863","Lasioglossum (Parasphecodes) taluche","Acacia buxifolia",1
"864","Lasioglossum (Parasphecodes) taluche","Angophora hispida",2
"865","Lasioglossum (Parasphecodes) taluche","Boronia ledifolia",2
"866","Lasioglossum (Parasphecodes) taluche","Epacris pulchella",1
"867","Lasioglossum (Parasphecodes) taluche","Leptospermum trinervum",1
"868","Lasioglossum (Parasphecodes) taluche","Philotheca obovalis",1
"869","Lasioglossum (Parasphecodes) taluche","Xanthorrhoea media",2
"870","Lasioglossum (Parasphecodes) tribuarium","Bossiaea heterophylla",2
"871","Lasioglossum (Parasphecodes) tribuarium","Goodenia bellidifolia",1
"872","Lasioglossum (Parasphecodes) tribuarium","Scaevola ramosissima",3
"873","Lasioglossum (Parasphecodes) tribuarium","Senecio sp",1
"874","Lasioglossum (Parasphecodes) turneri","Acacia sp",2
"875","Lasioglossum (Parasphecodes) turneri","Boronia ledifolia",1
"876","Lasioglossum (Parasphecodes) turneri","Boronia pinnata",1
"877","Lasioglossum (Parasphecodes) turneri","Epacris pulchella",1
"878","Lasioglossum (Parasphecodes) turneri","Goodenia paniculata",1
"879","Lasioglossum (Parasphecodes) turneri","Hibbertia sp",1
"880","Lasioglossum (Parasphecodes) turneri","Micromyrtus blakelyi",1
"881","Lasioglossum (Parasphecodes) turneri","Mirbelia platylobioides",1
"882","Lasioglossum (Parasphecodes) turneri","Pultenaea stipularis",1
"883","Lasioglossum (Parasphecodes) turneri","Stylidium lineare",2
"884","Lasioglossum (Parasphecodes) turneri","Stylidium sp",1
"885","Lasioglossum (Parasphecodes) turneri","Xanthorrhoea media",1
"886","Lasioglossum (Parasphecodes) waterhousei","Acacia suavolens",1
"887","Lasioglossum (Parasphecodes) waterhousei","Boronia microphylla",1
"888","Lasioglossum (Parasphecodes) waterhousei","Eucalyptus camfieldii",1
"889","Lasioglossum (Parasphecodes) waterhousei","Kunzea ambigua",1
"890","Lasioglossum (Parasphecodes) waterhousei","Leptospermum sp",2
"891","Lasioglossum (Parasphecodes) waterhousei","Leptospermum trinervum",1
"892","Lasioglossum (Parasphecodes) waterhousei","Podolobium ilicifolium",1
"893","Lasioglossum (Parasphecodes) waterhousei","Senecio amygdalifolia",3
"894","Lasioglossum (Parasphecodes) waterhousei","Symphionema monatum",1
"895","Lasioglossum (Parasphecodes) waterhousei","Xanthorrhoea media",4
"896","Lasioglossum (Parasphecodes) msp. bly","Taraxacum officinale",1
"897","Lasioglossum (Parasphecodes) msp. bly","Cirsium vulgare",1
"898","Lasioglossum (Parasphecodes) msp. bly","Persoonia mollis",1
"899","Lasioglossum (Parasphecodes) msp. bly","Senecio sp",1
"900","Lasioglossum (Parasphecodes) msp. bly","Syzygium sp",1
"901","Lasioglossum (Parasphecodes) msp. bly","Xerochrysum bracteatum",2
"902","Lasioglossum (Parasphecodes) msp. var","Boronia microphylla",2
"903","Lasioglossum (Parasphecodes) msp. var","Leucopogon sp",5
"904","Lasioglossum (Parasphecodes) msp. var","Oxylobium arborescens",1
"905","Lasioglossum (Parasphecodes) msp. var","Persoonia myrtilloides",1
"906","Lasioglossum (Parasphecodes) sp. unsorted","Taraxacum officinale",1
"907","Lasioglossum (Parasphecodes) sp. unsorted","Melaleuca sp",1
"908","Lasioglossum (Parasphecodes) sp. unsorted","Solanum sp",1
"909","Lasioglossum sp. unsorted","Boronia microphylla",1
"910","Lasioglossum sp. unsorted","Brachychiton populneum",1
"911","Lasioglossum sp. unsorted","Calytrix tetragona",2
"912","Lasioglossum sp. unsorted","Eremophila mitchellii",4
"913","Lasioglossum sp. unsorted","Eremophila sturtii",1
"914","Lasioglossum sp. unsorted","Eucalyptus sp",2
"915","Lasioglossum sp. unsorted","Eutaxia microphylla",3
"916","Lasioglossum sp. unsorted","Kunzea ambigua",1
"917","Lasioglossum sp. unsorted","Kunzea parvifolia",1
"918","Lasioglossum sp. unsorted","Prostanthera rotundifolia",1
"919","Lasioglossum sp. unsorted","Wahlenbergia sp",1
"920","Lipotriches (Austronomia) australica","Angophora floribunda",3
"921","Lipotriches (Austronomia) australica","Angophora hispida",2
"922","Lipotriches (Austronomia) australica","Brachychiton populneum",1
"923","Lipotriches (Austronomia) australica","Callistemon sp",2
"924","Lipotriches (Austronomia) australica","Calytrix exstipulata",1
"925","Lipotriches (Austronomia) australica","Dianella sp",1
"926","Lipotriches (Austronomia) australica","Eucalyptus dumosa",2
"927","Lipotriches (Austronomia) australica","Eucalyptus sp",2
"928","Lipotriches (Austronomia) australica","Halgania andromedifolia",1
"929","Lipotriches (Austronomia) australica","Hardenbergia violacea",1
"930","Lipotriches (Austronomia) australica","Keraudrenia integrifolia",1
"931","Lipotriches (Austronomia) australica","Keraudrenia sp",1
"932","Lipotriches (Austronomia) australica","Kunzea ambigua",1
"933","Lipotriches (Austronomia) australica","Lambertia formosa",1
"934","Lipotriches (Austronomia) australica","Ligustrum lucidum",1
"935","Lipotriches (Austronomia) australica","Melaleuca quinquinerva",1
"936","Lipotriches (Austronomia) australica","Melaleuca uncinata",1
"937","Lipotriches (Austronomia) australica","Myoporum sp",1
"938","Lipotriches (Austronomia) australica","Ptilotus helipteroides",1
"939","Lipotriches (Austronomia) australica","Pultenaea sp",1
"940","Lipotriches (Austronomia) australica","Pultenaea tuberculata",1
"941","Lipotriches (Austronomia) australica","Scaevola depauperata",2
"942","Lipotriches (Austronomia) australica","Senna sp",2
"943","Lipotriches (Austronomia) australica","Solanum sp",3
"944","Lipotriches (Austronomia) australica","Verticordia acerosa",1
"945","Lipotriches (Austronomia) australica","Xanthorrhoea media",2
"946","Lipotriches (Austronomia) dentiventris","Brachychiton populneum",1
"947","Lipotriches (Austronomia) dentiventris","Eucalyptus albens",1
"948","Lipotriches (Austronomia) excellens","Taraxacum officinale",1
"949","Lipotriches (Austronomia) excellens","Brachychiton populneum",1
"950","Lipotriches (Austronomia) excellens","Bursaria spinosa",1
"951","Lipotriches (Austronomia) excellens","Kunzea ambigua",1
"952","Lipotriches (Austronomia) excellens","Pultenaea tuberculata",2
"953","Lipotriches (Austronomia) excellens","Wahlenbergia sp",1
"954","Lipotriches (Austronomia) ferricauda","Angophora hispida",2
"955","Lipotriches (Austronomia) ferricauda","Eremophila mitchellii",2
"956","Lipotriches (Austronomia) ferricauda","Eucalyptus sp",3
"957","Lipotriches (Austronomia) ferricauda","Hakea dactyloides",1
"958","Lipotriches (Austronomia) ferricauda","Phyllota phylicoides",1
"959","Lipotriches (Austronomia) ferricauda","Pultenaea tuberculata",1
"960","Lipotriches (Austronomia) flavoviridis","Alectyron oleifolius",1
"961","Lipotriches (Austronomia) flavoviridis","Angophora hispida",1
"962","Lipotriches (Austronomia) flavoviridis","Bursaria spinosa",2
"963","Lipotriches (Austronomia) flavoviridis","Calandrinia balonensis",1
"964","Lipotriches (Austronomia) flavoviridis","Calytrix longiflora",1
"965","Lipotriches (Austronomia) flavoviridis","Calytrix tetragona",2
"966","Lipotriches (Austronomia) flavoviridis","Cassinia laevis",1
"967","Lipotriches (Austronomia) flavoviridis","Corymbia terminalis",1
"968","Lipotriches (Austronomia) flavoviridis","Dianella longifolia",1
"969","Lipotriches (Austronomia) flavoviridis","Dillwynia floribunda",1
"970","Lipotriches (Austronomia) flavoviridis","Eremophila deserti",3
"971","Lipotriches (Austronomia) flavoviridis","Eremophila interstans",2
"972","Lipotriches (Austronomia) flavoviridis","Eremophila longifolia",1
"973","Lipotriches (Austronomia) flavoviridis","Eremophila mitchellii",3
"974","Lipotriches (Austronomia) flavoviridis","Eremophila polyclada",4
"975","Lipotriches (Austronomia) flavoviridis","Eremophila scoparia",3
"976","Lipotriches (Austronomia) flavoviridis","Eremophila sturtii",3
"977","Lipotriches (Austronomia) flavoviridis","Erigeron sp",1
"978","Lipotriches (Austronomia) flavoviridis","Eucalyptus sp",1
"979","Lipotriches (Austronomia) flavoviridis","Eucalyptus dumosa",2
"980","Lipotriches (Austronomia) flavoviridis","Eucalyptus sideroxylon",1
"981","Lipotriches (Austronomia) flavoviridis","Fankenia gracilis",1
"982","Lipotriches (Austronomia) flavoviridis","Grevillea buxifolia",1
"983","Lipotriches (Austronomia) flavoviridis","Halgania andromedifolia",1
"984","Lipotriches (Austronomia) flavoviridis","Halgania cyanea",1
"985","Lipotriches (Austronomia) flavoviridis","Isotropis wheeleri",2
"986","Lipotriches (Austronomia) flavoviridis","Lechenaultia divaricata",2
"987","Lipotriches (Austronomia) flavoviridis","Lepidium leptopetalum",1
"988","Lipotriches (Austronomia) flavoviridis","Leptospermum sp",5
"989","Lipotriches (Austronomia) flavoviridis","Ligustrum lucidum",2
"990","Lipotriches (Austronomia) flavoviridis","Melaleuca uncinata",1
"991","Lipotriches (Austronomia) flavoviridis","Micromyrtus blakelyi",1
"992","Lipotriches (Austronomia) flavoviridis","Monotoca scoparia",1
"993","Lipotriches (Austronomia) flavoviridis","Olearia sp",2
"994","Lipotriches (Austronomia) flavoviridis","Pultenaea microphylla",1
"995","Lipotriches (Austronomia) flavoviridis","Rhagodia spinescens",2
"996","Lipotriches (Austronomia) flavoviridis","Scaevola depauperata",2
"997","Lipotriches (Austronomia) flavoviridis","Senna pleurocarpa",1
"998","Lipotriches (Austronomia) flavoviridis","Senna sp",2
"999","Lipotriches (Austronomia) flavoviridis","Teucrium racemosum",1
"1000","Lipotriches (Austronomia) flavoviridis","Trachymene glaucifolia",1
"1001","Lipotriches (Austronomia) flavoviridis","Wahlenbergia sp",8
"1002","Lipotriches (Austronomia) gracilipes","Bulbine bulbosa",2
"1003","Lipotriches (Austronomia) gracilipes","Corymbia tesselaris",1
"1004","Lipotriches (Austronomia) gracilipes","Eremophila mitchellii",1
"1005","Lipotriches (Austronomia) gracilipes","Eremophila sturtii",2
"1006","Lipotriches (Austronomia) gracilipes","Eucalyptus dumosa",1
"1007","Lipotriches (Austronomia) gracilipes","Eucalyptus sp",2
"1008","Lipotriches (Austronomia) gracilipes","Melaleuca sp",5
"1009","Lipotriches (Austronomia) gracilipes","Melaleuca uncinata",3
"1010","Lipotriches (Austronomia) gracilipes","Senna artemisiodes",1
"1011","Lipotriches (Austronomia) gracilipes","Senna pleurocarpa",2
"1012","Lipotriches (Austronomia) kurandina","Angophora floribunda",1
"1013","Lipotriches (Austronomia) kurandina","Scaevola ramosissima",1
"1014","Lipotriches (Austronomia) moerens","Dillwynia floribunda",1
"1015","Lipotriches (Austronomia) moerens","Goodenia bellidifolia",1
"1016","Lipotriches (Austronomia) moerens","Kunzea ambigua",2
"1017","Lipotriches (Austronomia) moerens","Leucopogon sp",1
"1018","Lipotriches (Austronomia) moerens","Podolobium aestivum",1
"1019","Lipotriches (Austronomia) moerens","Pultenaea ferruginea",1
"1020","Lipotriches (Austronomia) moerens","Pultenaea stipularis",1
"1021","Lipotriches (Austronomia) moerens","Pultenaea tuberculata",3
"1022","Lipotriches (Austronomia) moerens","Xerochrysum bracteatum",1
"1023","Lipotriches (Austronomia) muscosa","Solanum jasminoides",1
"1024","Lipotriches (Austronomia) muscosa","Dillwynia sericea",1
"1025","Lipotriches (Austronomia) muscosa","Persoonia linearis",1
"1026","Lipotriches (Austronomia) muscosa","Persoonia virgata",1
"1027","Lipotriches (Austronomia) sp. unsorted","Acacia triptera",1
"1028","Lipotriches (Austronomia) sp. unsorted","Alectyron oleifolius",1
"1029","Lipotriches (Austronomia) sp. unsorted","Antigonon leptopis",1
"1030","Lipotriches (Austronomia) sp. unsorted","Cleome viscosa",3
"1031","Lipotriches (Austronomia) sp. unsorted","Dianella caerulea",1
"1032","Lipotriches (Austronomia) sp. unsorted","Dillwynia rupestris",1
"1033","Lipotriches (Austronomia) sp. unsorted","Eremophila deserti",2
"1034","Lipotriches (Austronomia) sp. unsorted","Eremophila mitchellii",6
"1035","Lipotriches (Austronomia) sp. unsorted","Eremophila sturtii",1
"1036","Lipotriches (Austronomia) sp. unsorted","Eryngium rostratum",6
"1037","Lipotriches (Austronomia) sp. unsorted","Eucalyptus dumosa",2
"1038","Lipotriches (Austronomia) sp. unsorted","Halgania cyanea",1
"1039","Lipotriches (Austronomia) sp. unsorted","Ipomoea pes-caprae",5
"1040","Lipotriches (Austronomia) sp. unsorted","Oldenlandia pterospora",1
"1041","Lipotriches (Austronomia) sp. unsorted","Petalostylis labicheoides",1
"1042","Lipotriches (Austronomia) sp. unsorted","Ptilotus helipteroides",2
"1043","Lipotriches (Austronomia) sp. unsorted","Ptilotus sessilifolius",1
"1044","Lipotriches (Austronomia) sp. unsorted","Pultenaea sp",1
"1045","Lipotriches (Austronomia) sp. unsorted","Scaevola depauperata",5
"1046","Lipotriches (Austronomia) sp. unsorted","Senecio sp",1
"1047","Lipotriches (Austronomia) sp. unsorted","Senna venusta",1
"1048","Lipotriches (Austronomia) sp. unsorted","Sesbania brachycarpa",2
"1049","Lipotriches (Austronomia) sp. unsorted","Solanum quadriloculatum",3
"1050","Lipotriches (Austronomia) sp. unsorted","Solanum sp",1
"1051","Lipotriches (Austronomia) sp. unsorted","Swainsona swainsonioides",1
"1052","Lipotriches (Austronomia) sp. unsorted","Tephrosia rosea",1
"1053","Lipotriches (Austronomia) sp. unsorted","Trianthema pilosa",1
"1054","Lipotriches (Austronomia) sp. unsorted","Tribulus terrestris",1
"1055","Lipotriches (Austronomia) sp. unsorted","Wahlenbergia sp",8
"1056","Lipotriches (Austronomia) submoerens","Boronia pinnata",1
"1057","Lipotriches (Austronomia) submoerens","Bossiaea heterophylla",3
"1058","Lipotriches (Austronomia) submoerens","Calytrix sp",1
"1059","Lipotriches (Austronomia) submoerens","Dillwynia glaberrima",1
"1060","Lipotriches (Austronomia) submoerens","Hardenbergia violacea",1
"1061","Lipotriches (Austronomia) submoerens","Hibbertia sp",1
"1062","Lipotriches (Austronomia) submoerens","Leucopogon virgatus",2
"1063","Lipotriches (Austronomia) submoerens","Phyllota phylicoides",1
"1064","Lipotriches (Austronomia) submoerens","Pultenaea tuberculata",4
"1065","Lipotriches (Austronomia) submoerens","Scaevola ramosissima",1
"1066","Lipotriches (Austronomia) msp. fv1","Exocarpus sp",1
"1067","Lipotriches (Austronomia) msp. fv1","Melaleuca sp",11
"1068","Lipotriches (Austronomia) msp. simAC","Triumfetta winneckeana",1
"1069","Mellitidia tomentifera","Mimosa pudica",1
"1070","Nomia (Hoplonomia) rubroviridis","Persoonia virgata",1
"1071","Nomia (Hoplonomia) rubroviridis","Solanum mauritianum",1
"1072","Nomia (Paulynomia) aurantifer","Persoonia linearis",1
"1073","Nomia (Paulynomia) aurantifer","Solanum mauritianum",1
"1074","Nomia (Paulynomia) aurantifer","Solanum nigrum",1
"1075","Nomia (Paulynomia) swainsoniae","Pultenaea tuberculata",4
"1076","Seladonia hotoni","Acacia sp",1
"1077","Seladonia hotoni","Bidens sp",1
"1078","Seladonia hotoni","Conyza sp",1
"1079","Seladonia hotoni","Galenia pubescens",9
"1080","Seladonia hotoni","Gazania sp",2
